Classification,Name,Type,Ability,Form_Type,Form_Ability,Item,ID,ID_EXT,NAME
Mega,Venusaur, Grass  Poison ,"Overgrow
Chlorophyll (Hidden)", Grass  Poison ,Thick Fat,"
Venusaurite",1,1,Bulbasaur
Mega,Charizard, Fire  Flying ,"Blaze
Solar Power (Hidden)", Fire  Dragon ,Tough Claws,"
Charizardite X",2,2,Ivysaur
Mega,Charizard, Fire  Flying ,"Blaze
Solar Power (Hidden)", Fire  Flying ,Drought,"
Charizardite Y",3,3,Venusaur
Mega,Blastoise, Water ,"Torrent
Rain Dish (Hidden)", Water ,Mega Launcher,"
Blastoisinite",3,003M,Venusaur (Mega Venusaur)
Mega,Alakazam, Psychic ,"Synchronize or
Inner Focus
Magic Guard (Hidden)", Psychic ,Trace,"
Alakazite",4,4,Charmander
Mega,Gengar, Ghost  Poison ,"Levitate (Generation VI)
Cursed Body (Generation VII)", Ghost  Poison ,Shadow Tag,"
Gengarite",5,5,Charmeleon
Mega,Kangaskhan, Normal ,"Early Bird or
Scrappy
Inner Focus (Hidden)", Normal ,Parental Bond,"
Kangaskhanite",6,6,Charizard
Mega,Pinsir, Bug ,"Hyper Cutter or
Mold Breaker
Moxie (Hidden)", Bug  Flying ,Aerilate,"
Pinsirite",6,006MX,Charizard (Mega Charizard X)
Mega,Gyarados, Water  Flying ,"Intimidate
Moxie (Hidden)", Water  Dark ,Mold Breaker,"
Gyaradosite",6,006MY,Charizard (Mega Charizard Y)
Mega,Aerodactyl, Rock  Flying ,"Rock Head or
Pressure
Unnerve (Hidden)", Rock  Flying ,Tough Claws,"
Aerodactylite",7,7,Squirtle
Mega,Mewtwo, Psychic ,"Pressure
Unnerve (Hidden)", Psychic  Fighting ,Steadfast,"
Mewtwonite X",8,8,Wartortle
Mega,Mewtwo, Psychic ,"Pressure
Unnerve (Hidden)", Psychic ,Insomnia,"
Mewtwonite Y",9,9,Blastoise
Mega,Ampharos, Electric ,"Static
Plus (Hidden)", Electric  Dragon ,Mold Breaker,"
Ampharosite",9,009M,Blastoise (Mega Blastoise)
Mega,Scizor, Bug  Steel ,"Swarm or
Technician
Light Metal (Hidden)", Bug  Steel ,Technician,"
Scizorite",10,10,Caterpie
Mega,Heracross, Bug  Fighting ,"Swarm or
Guts
Moxie (Hidden)", Bug  Fighting ,Skill Link,"
Heracronite",11,11,Metapod
Mega,Houndoom, Dark  Fire ,"Early Bird or
Flash Fire
Unnerve (Hidden)", Dark  Fire ,Solar Power,"
Houndoominite",12,12,Butterfree
Mega,Tyranitar, Rock  Dark ,"Sand Stream
Unnerve (Hidden)", Rock  Dark ,Sand Stream,"
Tyranitarite",13,13,Weedle
Mega,Blaziken, Fire  Fighting ,"Blaze
Speed Boost (Hidden)", Fire  Fighting ,Speed Boost,"
Blazikenite",14,14,Kakuna
Mega,Gardevoir, Psychic  Fairy ,"Synchronize or
Trace
Telepathy (Hidden)", Psychic  Fairy ,Pixilate,"
Gardevoirite",15,15,Beedrill
Mega,Mawile, Steel  Fairy ,"Hyper Cutter or
Intimidate
Sheer Force (Hidden)", Steel  Fairy ,Huge Power,"
Mawilite",15,015M,Beedrill (Mega Beedrill)
Mega,Aggron, Steel  Rock ,"Sturdy or
Rock Head
Heavy Metal (Hidden)", Steel ,Filter,"
Aggronite",16,16,Pidgey
Mega,Medicham, Fighting  Psychic ,"Pure Power
Telepathy (Hidden)", Fighting  Psychic ,Pure Power,"
Medichamite",17,17,Pidgeotto
Mega,Manectric, Electric ,"Static or
Lightning Rod
Minus (Hidden)", Electric ,Intimidate,"
Manectite",18,18,Pidgeot
Mega,Banette, Ghost ,"Insomnia or
Frisk
Cursed Body (Hidden)", Ghost ,Prankster,"
Banettite",18,018M,Pidgeot (Mega Pidgeot)
Mega,Absol, Dark ,"Pressure or
Super Luck
Justified (Hidden)", Dark ,Magic Bounce,"
Absolite",19,19,Rattata
Mega,Garchomp, Dragon  Ground ,"Sand Veil
Rough Skin (Hidden)", Dragon  Ground ,Sand Force,"
Garchompite",19,019A,Rattata (Alolan Rattata)
Mega,Lucario, Fighting  Steel ,"Steadfast or
Inner Focus
Justified (Hidden)", Fighting  Steel ,Adaptability,"
Lucarionite",20,20,Raticate
Mega,Abomasnow, Grass  Ice ,"Snow Warning
Soundproof (Hidden)", Grass  Ice ,Snow Warning,"
Abomasite",20,020A,Raticate (Alolan Raticate)
,,,,,,,21,21,Spearow
,,,,,,,22,22,Fearow
Mega,Beedrill, Bug  Poison ,"Swarm
Sniper (Hidden)", Bug  Poison ,Adaptability,"
Beedrillite",23,23,Ekans
Mega,Pidgeot, Normal  Flying ,"Keen Eye or
Tangled Feet
Big Pecks (Hidden)", Normal  Flying ,No Guard,"
Pidgeotite",24,24,Arbok
Mega,Slowbro, Water  Psychic ,"Oblivious or
Own Tempo
Regenerator (Hidden)", Water  Psychic ,Shell Armor,"
Slowbronite",25,25,Pikachu
Mega,Steelix, Steel  Ground ,"Rock Head or
Sturdy
Sheer Force (Hidden)", Steel  Ground ,Sand Force,"
Steelixite",25,025Pa,Pikachu (Partner Pikachu)
Mega,Sceptile, Grass ,"Overgrow
Unburden (Hidden)", Grass  Dragon ,Lightning Rod,"
Sceptilite",26,26,Raichu
Mega,Swampert, Water  Ground ,"Torrent
Damp (Hidden)", Water  Ground ,Swift Swim,"
Swampertite",26,026A,Raichu (Alolan Raichu)
Mega,Sableye, Dark  Ghost ,"Keen Eye or
Stall
Prankster (Hidden)", Dark  Ghost ,Magic Bounce,"
Sablenite",27,27,Sandshrew
Mega,Sharpedo, Water  Dark ,"Rough Skin
Speed Boost (Hidden)", Water  Dark ,Strong Jaw,"
Sharpedonite",27,027A,Sandshrew (Alolan Sandshrew)
Mega,Camerupt, Fire  Ground ,"Magma Armor or
Solid Rock
Anger Point (Hidden)", Fire  Ground ,Sheer Force,"
Cameruptite",28,28,Sandslash
Mega,Altaria, Dragon  Flying ,"Natural Cure
Cloud Nine (Hidden)", Dragon  Fairy ,Pixilate,"
Altarianite",28,028A,Sandslash (Alolan Sandslash)
Mega,Glalie, Ice ,"Inner Focus or
Ice Body
Moody (Hidden)", Ice ,Refrigerate,"
Glalitite",29,29,Nidoran♀
Mega,Salamence, Dragon  Flying ,"Intimidate
Moxie (Hidden)", Dragon  Flying ,Aerilate,"
Salamencite",30,30,Nidorina
Mega,Metagross, Steel  Psychic ,"Clear Body
Light Metal (Hidden)", Steel  Psychic ,Tough Claws,"
Metagrossite",31,31,Nidoqueen
Mega,Latias, Dragon  Psychic ,Levitate, Dragon  Psychic ,Levitate,"
Latiasite",32,32,Nidoran♂
Mega,Latios, Dragon  Psychic ,Levitate, Dragon  Psychic ,Levitate,"
Latiosite",33,33,Nidorino
Mega,Rayquaza, Dragon  Flying ,Air Lock, Dragon  Flying ,Delta Stream,"
None*",34,34,Nidoking
Mega,Lopunny, Normal ,"Cute Charm or
Klutz
Limber (Hidden)", Normal  Fighting ,Scrappy,"
Lopunnite",35,35,Clefairy
Mega,Gallade, Psychic  Fighting ,"Steadfast
Justified (Hidden)", Psychic  Fighting ,Inner Focus,"
Galladite",36,36,Clefable
Mega,Audino, Normal ,"Healer or
Regenerator
Klutz (Hidden)", Normal  Fairy ,Healer,"
Audinite",37,37,Vulpix
Mega,Diancie, Rock  Fairy ,Clear Body, Rock  Fairy ,Magic Bounce,"
Diancite",37,037A,Vulpix (Alolan Vulpix)
,,,,,,,38,38,Ninetales
Primal,Kyogre, Water ,Drizzle, Water ,Primordial Sea,"
Blue Orb",38,038A,Ninetales (Alolan Ninetales)
Primal,Groudon, Ground ,Drought, Ground  Fire ,Desolate Land,"
Red Orb",39,39,Jigglypuff
,,,,,,,40,40,Wigglytuff
Bond,Greninja, Water  Dark ,Battle Bond, Water  Dark ,Battle Bond,,41,41,Zubat
,,,,,,,42,42,Golbat
Regional,Rattata, Normal ,"Run Away or Guts
Hustle (Hidden)", Dark  Normal ,"Gluttony or Hustle
Thick Fat (Hidden)",,43,43,Oddish
Regional,Raticate, Normal ,"Run Away or Guts
Hustle (Hidden)", Dark  Normal ,"Gluttony or Hustle
Thick Fat (Hidden)",,44,44,Gloom
Regional,Raichu, Electric ,"Static
Lightning Rod (Hidden)", Electric  Psychic ,Surge Surfer,,45,45,Vileplume
Regional,Sandshrew, Ground ,"Sand Veil
Sand Rush (Hidden)", Ice  Steel ,"Snow Cloak
Slush Rush (Hidden)",,46,46,Paras
Regional,Sandslash, Ground ,"Sand Veil
Sand Rush (Hidden)", Ice  Steel ,"Snow Cloak
Slush Rush (Hidden)",,47,47,Parasect
Regional,Vulpix, Fire ,"Flash Fire
Drought (Hidden)", Ice ,"Snow Cloak
Snow Warning (Hidden)",,48,48,Venonat
Regional,Ninetales, Fire ,"Flash Fire
Drought (Hidden)", Ice  Fairy ,"Snow Cloak
Snow Warning (Hidden)",,49,49,Venomoth
Regional,Diglett, Ground ,"Sand Veil or Arena Trap
Sand Force (Hidden)", Ground  Steel ,"Sand Veil or Tangling Hair
Sand Force (Hidden)",,50,50,Diglett
Regional,Dugtrio, Ground ,"Sand Veil or Arena Trap
Sand Force (Hidden)", Ground  Steel ,"Sand Veil or Tangling Hair
Sand Force (Hidden)",,50,050A,Diglett (Alolan Diglett)
Regional,Meowth, Normal ,"Pickup or Technician
Unnerve (Hidden)", Dark ,"Pickup or Technician
Rattled (Hidden)",,51,51,Dugtrio
Regional,Persian, Normal ,"Limber or Technician
Unnerve (Hidden)", Dark ,"Fur Coat or Technician
Rattled (Hidden)",,51,051A,Dugtrio (Alolan Dugtrio)
Regional,Geodude, Rock  Ground ,"Rock Head or Sturdy
Sand Veil (Hidden)", Rock  Electric ,"Magnet Pull or Sturdy
Galvanize (Hidden)",,52,52,Meowth
Regional,Graveler, Rock  Ground ,"Rock Head or Sturdy
Sand Veil (Hidden)", Rock  Electric ,"Magnet Pull or Sturdy
Galvanize (Hidden)",,52,052A,Meowth (Alolan Meowth)
Regional,Golem, Rock  Ground ,"Rock Head or Sturdy
Sand Veil (Hidden)", Rock  Electric ,"Magnet Pull or Sturdy
Galvanize (Hidden)",,53,53,Persian
Regional,Grimer, Poison ,"Stench or Sticky Hold
Poison Touch (Hidden)", Poison  Dark ,"Poison Touch or Gluttony
Power of Alchemy (Hidden)",,53,053A,Persian (Alolan Persian)
Regional,Muk, Poison ,"Stench or Sticky Hold
Poison Touch (Hidden)", Poison  Dark ,"Poison Touch or Gluttony
Power of Alchemy (Hidden)",,54,54,Psyduck
Regional,Exeggutor, Grass  Psychic ,"Chlorophyll
Harvest (Hidden)", Grass  Dragon ,"Frisk
Harvest (Hidden)",,55,55,Golduck
Regional,Marowak, Ground ,"Rock Head or Lightning Rod
Battle Armor (Hidden)", Fire  Ghost ,"Cursed Body or Lightning Rod
Rock Head (Hidden)",,56,56,Mankey
Ultra Burst,Dusk Mane Necrozma,Psychic  Steel,Prism Armor,Psychic  Dragon,Neuroforce,Ultranecrozium Z,57,57,Primeape
Ultra Burst,Dawn Wings Necrozma,Psychic  Steel,Prism Armor,Psychic  Dragon,Neuroforce,Ultranecrozium Z,58,58,Growlithe
,,,,,,,59,59,Arcanine
,,,,,,,60,60,Poliwag
,,,,,,,61,61,Poliwhirl
,,,,,,,62,62,Poliwrath
,,,,,,,63,63,Abra
,,,,,,,64,64,Kadabra
,,,,,,,65,65,Alakazam
,,,,,,,65,065M,Alakazam (Mega Alakazam)
,,,,,,,66,66,Machop
,,,,,,,67,67,Machoke
,,,,,,,68,68,Machamp
,,,,,,,69,69,Bellsprout
,,,,,,,70,70,Weepinbell
,,,,,,,71,71,Victreebel
,,,,,,,72,72,Tentacool
,,,,,,,73,73,Tentacruel
,,,,,,,74,74,Geodude
,,,,,,,74,074A,Geodude (Alolan Geodude)
,,,,,,,75,75,Graveler
,,,,,,,75,075A,Graveler (Alolan Graveler)
,,,,,,,76,76,Golem
,,,,,,,76,076A,Golem (Alolan Golem)
,,,,,,,77,77,Ponyta
,,,,,,,78,78,Rapidash
,,,,,,,79,79,Slowpoke
,,,,,,,80,80,Slowbro
,,,,,,,80,080M,Slowbro (Mega Slowbro)
,,,,,,,81,81,Magnemite
,,,,,,,82,82,Magneton
,,,,,,,83,83,Farfetch'd
,,,,,,,84,84,Doduo
,,,,,,,85,85,Dodrio
,,,,,,,86,86,Seel
,,,,,,,87,87,Dewgong
,,,,,,,88,88,Grimer
,,,,,,,88,088A,Grimer (Alolan Grimer)
,,,,,,,89,89,Muk
,,,,,,,89,089A,Muk (Alolan Muk)
,,,,,,,90,90,Shellder
,,,,,,,91,91,Cloyster
,,,,,,,92,92,Gastly
,,,,,,,93,93,Haunter
,,,,,,,94,94,Gengar
,,,,,,,94,094M,Gengar (Mega Gengar)
,,,,,,,95,95,Onix
,,,,,,,96,96,Drowzee
,,,,,,,97,97,Hypno
,,,,,,,98,98,Krabby
,,,,,,,99,99,Kingler
,,,,,,,100,100,Voltorb
,,,,,,,101,101,Electrode
,,,,,,,102,102,Exeggcute
,,,,,,,103,103,Exeggutor
,,,,,,,103,103A,Exeggutor (Alolan Exeggutor)
,,,,,,,104,104,Cubone
,,,,,,,105,105,Marowak
,,,,,,,105,105A,Marowak (Alolan Marowak)
,,,,,,,106,106,Hitmonlee
,,,,,,,107,107,Hitmonchan
,,,,,,,108,108,Lickitung
,,,,,,,109,109,Koffing
,,,,,,,110,110,Weezing
,,,,,,,111,111,Rhyhorn
,,,,,,,112,112,Rhydon
,,,,,,,113,113,Chansey
,,,,,,,114,114,Tangela
,,,,,,,115,115,Kangaskhan
,,,,,,,115,115M,Kangaskhan (Mega Kangaskhan)
,,,,,,,116,116,Horsea
,,,,,,,117,117,Seadra
,,,,,,,118,118,Goldeen
,,,,,,,119,119,Seaking
,,,,,,,120,120,Staryu
,,,,,,,121,121,Starmie
,,,,,,,122,122,Mr. Mime
,,,,,,,123,123,Scyther
,,,,,,,124,124,Jynx
,,,,,,,125,125,Electabuzz
,,,,,,,126,126,Magmar
,,,,,,,127,127,Pinsir
,,,,,,,127,127M,Pinsir (Mega Pinsir)
,,,,,,,128,128,Tauros
,,,,,,,129,129,Magikarp
,,,,,,,130,130,Gyarados
,,,,,,,130,130M,Gyarados (Mega Gyarados)
,,,,,,,131,131,Lapras
,,,,,,,132,132,Ditto
,,,,,,,133,133,Eevee
,,,,,,,133,133Pa,Eevee (Partner Eevee)
,,,,,,,134,134,Vaporeon
,,,,,,,135,135,Jolteon
,,,,,,,136,136,Flareon
,,,,,,,137,137,Porygon
,,,,,,,138,138,Omanyte
,,,,,,,139,139,Omastar
,,,,,,,140,140,Kabuto
,,,,,,,141,141,Kabutops
,,,,,,,142,142,Aerodactyl
,,,,,,,142,142M,Aerodactyl (Mega Aerodactyl)
,,,,,,,143,143,Snorlax
,,,,,,,144,144,Articuno
,,,,,,,145,145,Zapdos
,,,,,,,146,146,Moltres
,,,,,,,147,147,Dratini
,,,,,,,148,148,Dragonair
,,,,,,,149,149,Dragonite
,,,,,,,150,150,Mewtwo
,,,,,,,150,150MX,Mewtwo (Mega Mewtwo X)
,,,,,,,150,150MY,Mewtwo (Mega Mewtwo Y)
,,,,,,,151,151,Mew
,,,,,,,152,152,Chikorita
,,,,,,,153,153,Bayleef
,,,,,,,154,154,Meganium
,,,,,,,155,155,Cyndaquil
,,,,,,,156,156,Quilava
,,,,,,,157,157,Typhlosion
,,,,,,,158,158,Totodile
,,,,,,,159,159,Croconaw
,,,,,,,160,160,Feraligatr
,,,,,,,161,161,Sentret
,,,,,,,162,162,Furret
,,,,,,,163,163,Hoothoot
,,,,,,,164,164,Noctowl
,,,,,,,165,165,Ledyba
,,,,,,,166,166,Ledian
,,,,,,,167,167,Spinarak
,,,,,,,168,168,Ariados
,,,,,,,169,169,Crobat
,,,,,,,170,170,Chinchou
,,,,,,,171,171,Lanturn
,,,,,,,172,172,Pichu
,,,,,,,173,173,Cleffa
,,,,,,,174,174,Igglybuff
,,,,,,,175,175,Togepi
,,,,,,,176,176,Togetic
,,,,,,,177,177,Natu
,,,,,,,178,178,Xatu
,,,,,,,179,179,Mareep
,,,,,,,180,180,Flaaffy
,,,,,,,181,181,Ampharos
,,,,,,,181,181M,Ampharos (Mega Ampharos)
,,,,,,,182,182,Bellossom
,,,,,,,183,183,Marill
,,,,,,,184,184,Azumarill
,,,,,,,185,185,Sudowoodo
,,,,,,,186,186,Politoed
,,,,,,,187,187,Hoppip
,,,,,,,188,188,Skiploom
,,,,,,,189,189,Jumpluff
,,,,,,,190,190,Aipom
,,,,,,,191,191,Sunkern
,,,,,,,192,192,Sunflora
,,,,,,,193,193,Yanma
,,,,,,,194,194,Wooper
,,,,,,,195,195,Quagsire
,,,,,,,196,196,Espeon
,,,,,,,197,197,Umbreon
,,,,,,,198,198,Murkrow
,,,,,,,199,199,Slowking
,,,,,,,200,200,Misdreavus
,,,,,,,201,201,Unown
,,,,,,,202,202,Wobbuffet
,,,,,,,203,203,Girafarig
,,,,,,,204,204,Pineco
,,,,,,,205,205,Forretress
,,,,,,,206,206,Dunsparce
,,,,,,,207,207,Gligar
,,,,,,,208,208,Steelix
,,,,,,,208,208M,Steelix (Mega Steelix)
,,,,,,,209,209,Snubbull
,,,,,,,210,210,Granbull
,,,,,,,211,211,Qwilfish
,,,,,,,212,212,Scizor
,,,,,,,212,212M,Scizor (Mega Scizor)
,,,,,,,213,213,Shuckle
,,,,,,,214,214,Heracross
,,,,,,,214,214M,Heracross (Mega Heracross)
,,,,,,,215,215,Sneasel
,,,,,,,216,216,Teddiursa
,,,,,,,217,217,Ursaring
,,,,,,,218,218,Slugma
,,,,,,,219,219,Magcargo
,,,,,,,220,220,Swinub
,,,,,,,221,221,Piloswine
,,,,,,,222,222,Corsola
,,,,,,,223,223,Remoraid
,,,,,,,224,224,Octillery
,,,,,,,225,225,Delibird
,,,,,,,226,226,Mantine
,,,,,,,227,227,Skarmory
,,,,,,,228,228,Houndour
,,,,,,,229,229,Houndoom
,,,,,,,229,229M,Houndoom (Mega Houndoom)
,,,,,,,230,230,Kingdra
,,,,,,,231,231,Phanpy
,,,,,,,232,232,Donphan
,,,,,,,233,233,Porygon2
,,,,,,,234,234,Stantler
,,,,,,,235,235,Smeargle
,,,,,,,236,236,Tyrogue
,,,,,,,237,237,Hitmontop
,,,,,,,238,238,Smoochum
,,,,,,,239,239,Elekid
,,,,,,,240,240,Magby
,,,,,,,241,241,Miltank
,,,,,,,242,242,Blissey
,,,,,,,243,243,Raikou
,,,,,,,244,244,Entei
,,,,,,,245,245,Suicune
,,,,,,,246,246,Larvitar
,,,,,,,247,247,Pupitar
,,,,,,,248,248,Tyranitar
,,,,,,,248,248M,Tyranitar (Mega Tyranitar)
,,,,,,,249,249,Lugia
,,,,,,,250,250,Ho-Oh
,,,,,,,251,251,Celebi
,,,,,,,252,252,Treecko
,,,,,,,253,253,Grovyle
,,,,,,,254,254,Sceptile
,,,,,,,254,254M,Sceptile (Mega Sceptile)
,,,,,,,255,255,Torchic
,,,,,,,256,256,Combusken
,,,,,,,257,257,Blaziken
,,,,,,,257,257M,Blaziken (Mega Blaziken)
,,,,,,,258,258,Mudkip
,,,,,,,259,259,Marshtomp
,,,,,,,260,260,Swampert
,,,,,,,260,260M,Swampert (Mega Swampert)
,,,,,,,261,261,Poochyena
,,,,,,,262,262,Mightyena
,,,,,,,263,263,Zigzagoon
,,,,,,,264,264,Linoone
,,,,,,,265,265,Wurmple
,,,,,,,266,266,Silcoon
,,,,,,,267,267,Beautifly
,,,,,,,268,268,Cascoon
,,,,,,,269,269,Dustox
,,,,,,,270,270,Lotad
,,,,,,,271,271,Lombre
,,,,,,,272,272,Ludicolo
,,,,,,,273,273,Seedot
,,,,,,,274,274,Nuzleaf
,,,,,,,275,275,Shiftry
,,,,,,,276,276,Taillow
,,,,,,,277,277,Swellow
,,,,,,,278,278,Wingull
,,,,,,,279,279,Pelipper
,,,,,,,280,280,Ralts
,,,,,,,281,281,Kirlia
,,,,,,,282,282,Gardevoir
,,,,,,,282,282M,Gardevoir (Mega Gardevoir)
,,,,,,,283,283,Surskit
,,,,,,,284,284,Masquerain
,,,,,,,285,285,Shroomish
,,,,,,,286,286,Breloom
,,,,,,,287,287,Slakoth
,,,,,,,288,288,Vigoroth
,,,,,,,289,289,Slaking
,,,,,,,290,290,Nincada
,,,,,,,291,291,Ninjask
,,,,,,,292,292,Shedinja
,,,,,,,293,293,Whismur
,,,,,,,294,294,Loudred
,,,,,,,295,295,Exploud
,,,,,,,296,296,Makuhita
,,,,,,,297,297,Hariyama
,,,,,,,298,298,Azurill
,,,,,,,299,299,Nosepass
,,,,,,,300,300,Skitty
,,,,,,,301,301,Delcatty
,,,,,,,302,302,Sableye
,,,,,,,302,302M,Sableye (Mega Sableye)
,,,,,,,303,303,Mawile
,,,,,,,303,303M,Mawile (Mega Mawile)
,,,,,,,304,304,Aron
,,,,,,,305,305,Lairon
,,,,,,,306,306,Aggron
,,,,,,,306,306M,Aggron (Mega Aggron)
,,,,,,,307,307,Meditite
,,,,,,,308,308,Medicham
,,,,,,,308,308M,Medicham (Mega Medicham)
,,,,,,,309,309,Electrike
,,,,,,,310,310,Manectric
,,,,,,,310,310M,Manectric (Mega Manectric)
,,,,,,,311,311,Plusle
,,,,,,,312,312,Minun
,,,,,,,313,313,Volbeat
,,,,,,,314,314,Illumise
,,,,,,,315,315,Roselia
,,,,,,,316,316,Gulpin
,,,,,,,317,317,Swalot
,,,,,,,318,318,Carvanha
,,,,,,,319,319,Sharpedo
,,,,,,,319,319M,Sharpedo (Mega Sharpedo)
,,,,,,,320,320,Wailmer
,,,,,,,321,321,Wailord
,,,,,,,322,322,Numel
,,,,,,,323,323,Camerupt
,,,,,,,323,323M,Camerupt (Mega Camerupt)
,,,,,,,324,324,Torkoal
,,,,,,,325,325,Spoink
,,,,,,,326,326,Grumpig
,,,,,,,327,327,Spinda
,,,,,,,328,328,Trapinch
,,,,,,,329,329,Vibrava
,,,,,,,330,330,Flygon
,,,,,,,331,331,Cacnea
,,,,,,,332,332,Cacturne
,,,,,,,333,333,Swablu
,,,,,,,334,334,Altaria
,,,,,,,334,334M,Altaria (Mega Altaria)
,,,,,,,335,335,Zangoose
,,,,,,,336,336,Seviper
,,,,,,,337,337,Lunatone
,,,,,,,338,338,Solrock
,,,,,,,339,339,Barboach
,,,,,,,340,340,Whiscash
,,,,,,,341,341,Corphish
,,,,,,,342,342,Crawdaunt
,,,,,,,343,343,Baltoy
,,,,,,,344,344,Claydol
,,,,,,,345,345,Lileep
,,,,,,,346,346,Cradily
,,,,,,,347,347,Anorith
,,,,,,,348,348,Armaldo
,,,,,,,349,349,Feebas
,,,,,,,350,350,Milotic
,,,,,,,351,351,Castform
,,,,,,,352,352,Kecleon
,,,,,,,353,353,Shuppet
,,,,,,,354,354,Banette
,,,,,,,354,354M,Banette (Mega Banette)
,,,,,,,355,355,Duskull
,,,,,,,356,356,Dusclops
,,,,,,,357,357,Tropius
,,,,,,,358,358,Chimecho
,,,,,,,359,359,Absol
,,,,,,,359,359M,Absol (Mega Absol)
,,,,,,,360,360,Wynaut
,,,,,,,361,361,Snorunt
,,,,,,,362,362,Glalie
,,,,,,,362,362M,Glalie (Mega Glalie)
,,,,,,,363,363,Spheal
,,,,,,,364,364,Sealeo
,,,,,,,365,365,Walrein
,,,,,,,366,366,Clamperl
,,,,,,,367,367,Huntail
,,,,,,,368,368,Gorebyss
,,,,,,,369,369,Relicanth
,,,,,,,370,370,Luvdisc
,,,,,,,371,371,Bagon
,,,,,,,372,372,Shelgon
,,,,,,,373,373,Salamence
,,,,,,,373,373M,Salamence (Mega Salamence)
,,,,,,,374,374,Beldum
,,,,,,,375,375,Metang
,,,,,,,376,376,Metagross
,,,,,,,376,376M,Metagross (Mega Metagross)
,,,,,,,377,377,Regirock
,,,,,,,378,378,Regice
,,,,,,,379,379,Registeel
,,,,,,,380,380,Latias
,,,,,,,380,380M,Latias (Mega Latias)
,,,,,,,381,381,Latios
,,,,,,,381,381M,Latios (Mega Latios)
,,,,,,,382,382,Kyogre
,,,,,,,382,382P,Kyogre (Primal Kyogre)
,,,,,,,383,383,Groudon
,,,,,,,383,383P,Groudon (Primal Groudon)
,,,,,,,384,384,Rayquaza
,,,,,,,384,384M,Rayquaza (Mega Rayquaza)
,,,,,,,385,385,Jirachi
,,,,,,,386,386,Deoxys (Normal Forme)
,,,,,,,386,386A,Deoxys (Attack Forme)
,,,,,,,386,386D,Deoxys (Defense Forme)
,,,,,,,386,386S,Deoxys (Speed Forme)
,,,,,,,387,387,Turtwig
,,,,,,,388,388,Grotle
,,,,,,,389,389,Torterra
,,,,,,,390,390,Chimchar
,,,,,,,391,391,Monferno
,,,,,,,392,392,Infernape
,,,,,,,393,393,Piplup
,,,,,,,394,394,Prinplup
,,,,,,,395,395,Empoleon
,,,,,,,396,396,Starly
,,,,,,,397,397,Staravia
,,,,,,,398,398,Staraptor
,,,,,,,399,399,Bidoof
,,,,,,,400,400,Bibarel
,,,,,,,401,401,Kricketot
,,,,,,,402,402,Kricketune
,,,,,,,403,403,Shinx
,,,,,,,404,404,Luxio
,,,,,,,405,405,Luxray
,,,,,,,406,406,Budew
,,,,,,,407,407,Roserade
,,,,,,,408,408,Cranidos
,,,,,,,409,409,Rampardos
,,,,,,,410,410,Shieldon
,,,,,,,411,411,Bastiodon
,,,,,,,412,412,Burmy
,,,,,,,413,413,Wormadam (Plant Cloak)
,,,,,,,413,413G,Wormadam (Sandy Cloak)
,,,,,,,413,413S,Wormadam (Trash Cloak)
,,,,,,,414,414,Mothim
,,,,,,,415,415,Combee
,,,,,,,416,416,Vespiquen
,,,,,,,417,417,Pachirisu
,,,,,,,418,418,Buizel
,,,,,,,419,419,Floatzel
,,,,,,,420,420,Cherubi
,,,,,,,421,421,Cherrim
,,,,,,,422,422,Shellos
,,,,,,,423,423,Gastrodon
,,,,,,,424,424,Ambipom
,,,,,,,425,425,Drifloon
,,,,,,,426,426,Drifblim
,,,,,,,427,427,Buneary
,,,,,,,428,428,Lopunny
,,,,,,,428,428M,Lopunny (Mega Lopunny)
,,,,,,,429,429,Mismagius
,,,,,,,430,430,Honchkrow
,,,,,,,431,431,Glameow
,,,,,,,432,432,Purugly
,,,,,,,433,433,Chingling
,,,,,,,434,434,Stunky
,,,,,,,435,435,Skuntank
,,,,,,,436,436,Bronzor
,,,,,,,437,437,Bronzong
,,,,,,,438,438,Bonsly
,,,,,,,439,439,Mime Jr.
,,,,,,,440,440,Happiny
,,,,,,,441,441,Chatot
,,,,,,,442,442,Spiritomb
,,,,,,,443,443,Gible
,,,,,,,444,444,Gabite
,,,,,,,445,445,Garchomp
,,,,,,,445,445M,Garchomp (Mega Garchomp)
,,,,,,,446,446,Munchlax
,,,,,,,447,447,Riolu
,,,,,,,448,448,Lucario
,,,,,,,448,448M,Lucario (Mega Lucario)
,,,,,,,449,449,Hippopotas
,,,,,,,450,450,Hippowdon
,,,,,,,451,451,Skorupi
,,,,,,,452,452,Drapion
,,,,,,,453,453,Croagunk
,,,,,,,454,454,Toxicroak
,,,,,,,455,455,Carnivine
,,,,,,,456,456,Finneon
,,,,,,,457,457,Lumineon
,,,,,,,458,458,Mantyke
,,,,,,,459,459,Snover
,,,,,,,460,460,Abomasnow
,,,,,,,460,460M,Abomasnow (Mega Abomasnow)
,,,,,,,461,461,Weavile
,,,,,,,462,462,Magnezone
,,,,,,,463,463,Lickilicky
,,,,,,,464,464,Rhyperior
,,,,,,,465,465,Tangrowth
,,,,,,,466,466,Electivire
,,,,,,,467,467,Magmortar
,,,,,,,468,468,Togekiss
,,,,,,,469,469,Yanmega
,,,,,,,470,470,Leafeon
,,,,,,,471,471,Glaceon
,,,,,,,472,472,Gliscor
,,,,,,,473,473,Mamoswine
,,,,,,,474,474,Porygon-Z
,,,,,,,475,475,Gallade
,,,,,,,475,475M,Gallade (Mega Gallade)
,,,,,,,476,476,Probopass
,,,,,,,477,477,Dusknoir
,,,,,,,478,478,Froslass
,,,,,,,479,479,Rotom
,,,,,,,479,479O,Rotom (Heat Rotom)
,,,,,,,479,479W,Rotom (Wash Rotom)
,,,,,,,479,479R,Rotom (Frost Rotom)
,,,,,,,479,479F,Rotom (Fan Rotom)
,,,,,,,479,479L,Rotom (Mow Rotom)
,,,,,,,480,480,Uxie
,,,,,,,481,481,Mesprit
,,,,,,,482,482,Azelf
,,,,,,,483,483,Dialga
,,,,,,,484,484,Palkia
,,,,,,,485,485,Heatran
,,,,,,,486,486,Regigigas
,,,,,,,487,487,Giratina (Altered Forme)
,,,,,,,487,487O,Giratina (Origin Forme)
,,,,,,,488,488,Cresselia
,,,,,,,489,489,Phione
,,,,,,,490,490,Manaphy
,,,,,,,491,491,Darkrai
,,,,,,,492,492,Shaymin (Land Forme)
,,,,,,,492,492S,Shaymin (Sky Forme)
,,,,,,,493,493,Arceus
,,,,,,,494,494,Victini
,,,,,,,495,495,Snivy
,,,,,,,496,496,Servine
,,,,,,,497,497,Serperior
,,,,,,,498,498,Tepig
,,,,,,,499,499,Pignite
,,,,,,,500,500,Emboar
,,,,,,,501,501,Oshawott
,,,,,,,502,502,Dewott
,,,,,,,503,503,Samurott
,,,,,,,504,504,Patrat
,,,,,,,505,505,Watchog
,,,,,,,506,506,Lillipup
,,,,,,,507,507,Herdier
,,,,,,,508,508,Stoutland
,,,,,,,509,509,Purrloin
,,,,,,,510,510,Liepard
,,,,,,,511,511,Pansage
,,,,,,,512,512,Simisage
,,,,,,,513,513,Pansear
,,,,,,,514,514,Simisear
,,,,,,,515,515,Panpour
,,,,,,,516,516,Simipour
,,,,,,,517,517,Munna
,,,,,,,518,518,Musharna
,,,,,,,519,519,Pidove
,,,,,,,520,520,Tranquill
,,,,,,,521,521,Unfezant
,,,,,,,522,522,Blitzle
,,,,,,,523,523,Zebstrika
,,,,,,,524,524,Roggenrola
,,,,,,,525,525,Boldore
,,,,,,,526,526,Gigalith
,,,,,,,527,527,Woobat
,,,,,,,528,528,Swoobat
,,,,,,,529,529,Drilbur
,,,,,,,530,530,Excadrill
,,,,,,,531,531,Audino
,,,,,,,531,531M,Audino (Mega Audino)
,,,,,,,532,532,Timburr
,,,,,,,533,533,Gurdurr
,,,,,,,534,534,Conkeldurr
,,,,,,,535,535,Tympole
,,,,,,,536,536,Palpitoad
,,,,,,,537,537,Seismitoad
,,,,,,,538,538,Throh
,,,,,,,539,539,Sawk
,,,,,,,540,540,Sewaddle
,,,,,,,541,541,Swadloon
,,,,,,,542,542,Leavanny
,,,,,,,543,543,Venipede
,,,,,,,544,544,Whirlipede
,,,,,,,545,545,Scolipede
,,,,,,,546,546,Cottonee
,,,,,,,547,547,Whimsicott
,,,,,,,548,548,Petilil
,,,,,,,549,549,Lilligant
,,,,,,,550,550,Basculin
,,,,,,,551,551,Sandile
,,,,,,,552,552,Krokorok
,,,,,,,553,553,Krookodile
,,,,,,,554,554,Darumaka
,,,,,,,555,555,Darmanitan (Standard Mode)
,,,,,,,555,555Z,Darmanitan (Zen Mode)
,,,,,,,556,556,Maractus
,,,,,,,557,557,Dwebble
,,,,,,,558,558,Crustle
,,,,,,,559,559,Scraggy
,,,,,,,560,560,Scrafty
,,,,,,,561,561,Sigilyph
,,,,,,,562,562,Yamask
,,,,,,,563,563,Cofagrigus
,,,,,,,564,564,Tirtouga
,,,,,,,565,565,Carracosta
,,,,,,,566,566,Archen
,,,,,,,567,567,Archeops
,,,,,,,568,568,Trubbish
,,,,,,,569,569,Garbodor
,,,,,,,570,570,Zorua
,,,,,,,571,571,Zoroark
,,,,,,,572,572,Minccino
,,,,,,,573,573,Cinccino
,,,,,,,574,574,Gothita
,,,,,,,575,575,Gothorita
,,,,,,,576,576,Gothitelle
,,,,,,,577,577,Solosis
,,,,,,,578,578,Duosion
,,,,,,,579,579,Reuniclus
,,,,,,,580,580,Ducklett
,,,,,,,581,581,Swanna
,,,,,,,582,582,Vanillite
,,,,,,,583,583,Vanillish
,,,,,,,584,584,Vanilluxe
,,,,,,,585,585,Deerling
,,,,,,,586,586,Sawsbuck
,,,,,,,587,587,Emolga
,,,,,,,588,588,Karrablast
,,,,,,,589,589,Escavalier
,,,,,,,590,590,Foongus
,,,,,,,591,591,Amoonguss
,,,,,,,592,592,Frillish
,,,,,,,593,593,Jellicent
,,,,,,,594,594,Alomomola
,,,,,,,595,595,Joltik
,,,,,,,596,596,Galvantula
,,,,,,,597,597,Ferroseed
,,,,,,,598,598,Ferrothorn
,,,,,,,599,599,Klink
,,,,,,,600,600,Klang
,,,,,,,601,601,Klinklang
,,,,,,,602,602,Tynamo
,,,,,,,603,603,Eelektrik
,,,,,,,604,604,Eelektross
,,,,,,,605,605,Elgyem
,,,,,,,606,606,Beheeyem
,,,,,,,607,607,Litwick
,,,,,,,608,608,Lampent
,,,,,,,609,609,Chandelure
,,,,,,,610,610,Axew
,,,,,,,611,611,Fraxure
,,,,,,,612,612,Haxorus
,,,,,,,613,613,Cubchoo
,,,,,,,614,614,Beartic
,,,,,,,615,615,Cryogonal
,,,,,,,616,616,Shelmet
,,,,,,,617,617,Accelgor
,,,,,,,618,618,Stunfisk
,,,,,,,619,619,Mienfoo
,,,,,,,620,620,Mienshao
,,,,,,,621,621,Druddigon
,,,,,,,622,622,Golett
,,,,,,,623,623,Golurk
,,,,,,,624,624,Pawniard
,,,,,,,625,625,Bisharp
,,,,,,,626,626,Bouffalant
,,,,,,,627,627,Rufflet
,,,,,,,628,628,Braviary
,,,,,,,629,629,Vullaby
,,,,,,,630,630,Mandibuzz
,,,,,,,631,631,Heatmor
,,,,,,,632,632,Durant
,,,,,,,633,633,Deino
,,,,,,,634,634,Zweilous
,,,,,,,635,635,Hydreigon
,,,,,,,636,636,Larvesta
,,,,,,,637,637,Volcarona
,,,,,,,638,638,Cobalion
,,,,,,,639,639,Terrakion
,,,,,,,640,640,Virizion
,,,,,,,641,641,Tornadus (Incarnate Forme)
,,,,,,,641,641T,Tornadus (Therian Forme)
,,,,,,,642,642,Thundurus (Incarnate Forme)
,,,,,,,642,642T,Thundurus (Therian Forme)
,,,,,,,643,643,Reshiram
,,,,,,,644,644,Zekrom
,,,,,,,645,645,Landorus (Incarnate Forme)
,,,,,,,645,645T,Landorus (Therian Forme)
,,,,,,,646,646,Kyurem (Normal Kyurem)
,,,,,,,646,646B,Kyurem (Black Kyurem)
,,,,,,,646,646W,Kyurem (White Kyurem)
,,,,,,,647,647,Keldeo
,,,,,,,648,648,Meloetta (Aria Forme)
,,,,,,,648,648P,Meloetta (Pirouette Forme)
,,,,,,,649,649,Genesect
,,,,,,,650,650,Chespin
,,,,,,,651,651,Quilladin
,,,,,,,652,652,Chesnaught
,,,,,,,653,653,Fennekin
,,,,,,,654,654,Braixen
,,,,,,,655,655,Delphox
,,,,,,,656,656,Froakie
,,,,,,,657,657,Frogadier
,,,,,,,658,658,Greninja
,,,,,,,658,658A,Greninja (Ash-Greninja)
,,,,,,,659,659,Bunnelby
,,,,,,,660,660,Diggersby
,,,,,,,661,661,Fletchling
,,,,,,,662,662,Fletchinder
,,,,,,,663,663,Talonflame
,,,,,,,664,664,Scatterbug
,,,,,,,665,665,Spewpa
,,,,,,,666,666,Vivillon
,,,,,,,667,667,Litleo
,,,,,,,668,668,Pyroar
,,,,,,,669,669,Flabébé
,,,,,,,670,670,Floette
,,,,,,,671,671,Florges
,,,,,,,672,672,Skiddo
,,,,,,,673,673,Gogoat
,,,,,,,674,674,Pancham
,,,,,,,675,675,Pangoro
,,,,,,,676,676,Furfrou
,,,,,,,677,677,Espurr
,,,,,,,678,678,Meowstic
,,,,,,,679,679,Honedge
,,,,,,,680,680,Doublade
,,,,,,,681,681,Aegislash (Shield Forme)
,,,,,,,681,681B,Aegislash (Blade Forme)
,,,,,,,682,682,Spritzee
,,,,,,,683,683,Aromatisse
,,,,,,,684,684,Swirlix
,,,,,,,685,685,Slurpuff
,,,,,,,686,686,Inkay
,,,,,,,687,687,Malamar
,,,,,,,688,688,Binacle
,,,,,,,689,689,Barbaracle
,,,,,,,690,690,Skrelp
,,,,,,,691,691,Dragalge
,,,,,,,692,692,Clauncher
,,,,,,,693,693,Clawitzer
,,,,,,,694,694,Helioptile
,,,,,,,695,695,Heliolisk
,,,,,,,696,696,Tyrunt
,,,,,,,697,697,Tyrantrum
,,,,,,,698,698,Amaura
,,,,,,,699,699,Aurorus
,,,,,,,700,700,Sylveon
,,,,,,,701,701,Hawlucha
,,,,,,,702,702,Dedenne
,,,,,,,703,703,Carbink
,,,,,,,704,704,Goomy
,,,,,,,705,705,Sliggoo
,,,,,,,706,706,Goodra
,,,,,,,707,707,Klefki
,,,,,,,708,708,Phantump
,,,,,,,709,709,Trevenant
,,,,,,,710,710,Pumpkaboo (Small Size)
,,,,,,,710,710,Pumpkaboo (Average Size)
,,,,,,,710,710,Pumpkaboo (Large Size)
,,,,,,,710,710,Pumpkaboo (Super Size)
,,,,,,,711,711,Gourgeist (Small Size)
,,,,,,,711,711,Gourgeist (Average Size)
,,,,,,,711,711,Gourgeist (Large Size)
,,,,,,,711,711,Gourgeist (Super Size)
,,,,,,,712,712,Bergmite
,,,,,,,713,713,Avalugg
,,,,,,,714,714,Noibat
,,,,,,,715,715,Noivern
,,,,,,,716,716,Xerneas
,,,,,,,717,717,Yveltal
,,,,,,,718,718,Zygarde (50% Forme)
,,,,,,,718,718T,Zygarde (10% Forme)
,,,,,,,718,718C,Zygarde (Complete Forme)
,,,,,,,719,719,Diancie
,,,,,,,719,719M,Diancie (Mega Diancie)
,,,,,,,720,720,Hoopa (Hoopa Confined)
,,,,,,,720,720U,Hoopa (Hoopa Unbound)
,,,,,,,721,721,Volcanion
,,,,,,,722,722,Rowlet
,,,,,,,723,723,Dartrix
,,,,,,,724,724,Decidueye
,,,,,,,725,725,Litten
,,,,,,,726,726,Torracat
,,,,,,,727,727,Incineroar
,,,,,,,728,728,Popplio
,,,,,,,729,729,Brionne
,,,,,,,730,730,Primarina
,,,,,,,731,731,Pikipek
,,,,,,,732,732,Trumbeak
,,,,,,,733,733,Toucannon
,,,,,,,734,734,Yungoos
,,,,,,,735,735,Gumshoos
,,,,,,,736,736,Grubbin
,,,,,,,737,737,Charjabug
,,,,,,,738,738,Vikavolt
,,,,,,,739,739,Crabrawler
,,,,,,,740,740,Crabominable
,,,,,,,741,741,Oricorio
,,,,,,,742,742,Cutiefly
,,,,,,,743,743,Ribombee
,,,,,,,744,744,Rockruff
,,,,,,,745,745,Lycanroc (Midday Form)
,,,,,,,745,745Mn,Lycanroc (Midnight Form)
,,,,,,,745,745D,Lycanroc (Dusk Form)
,,,,,,,746,746,Wishiwashi (Solo Form)
,,,,,,,746,746Sc,Wishiwashi (School Form)
,,,,,,,747,747,Mareanie
,,,,,,,748,748,Toxapex
,,,,,,,749,749,Mudbray
,,,,,,,750,750,Mudsdale
,,,,,,,751,751,Dewpider
,,,,,,,752,752,Araquanid
,,,,,,,753,753,Fomantis
,,,,,,,754,754,Lurantis
,,,,,,,755,755,Morelull
,,,,,,,756,756,Shiinotic
,,,,,,,757,757,Salandit
,,,,,,,758,758,Salazzle
,,,,,,,759,759,Stufful
,,,,,,,760,760,Bewear
,,,,,,,761,761,Bounsweet
,,,,,,,762,762,Steenee
,,,,,,,763,763,Tsareena
,,,,,,,764,764,Comfey
,,,,,,,765,765,Oranguru
,,,,,,,766,766,Passimian
,,,,,,,767,767,Wimpod
,,,,,,,768,768,Golisopod
,,,,,,,769,769,Sandygast
,,,,,,,770,770,Palossand
,,,,,,,771,771,Pyukumuku
,,,,,,,772,772,Type: Null
,,,,,,,773,773,Silvally
,,,,,,,774,774,Minior (Meteor Form)
,,,,,,,774,774R,Minior (Core Form)
,,,,,,,775,775,Komala
,,,,,,,776,776,Turtonator
,,,,,,,777,777,Togedemaru
,,,,,,,778,778,Mimikyu
,,,,,,,779,779,Bruxish
,,,,,,,780,780,Drampa
,,,,,,,781,781,Dhelmise
,,,,,,,782,782,Jangmo-o
,,,,,,,783,783,Hakamo-o
,,,,,,,784,784,Kommo-o
,,,,,,,785,785,Tapu Koko
,,,,,,,786,786,Tapu Lele
,,,,,,,787,787,Tapu Bulu
,,,,,,,788,788,Tapu Fini
,,,,,,,789,789,Cosmog
,,,,,,,790,790,Cosmoem
,,,,,,,791,791,Solgaleo
,,,,,,,792,792,Lunala
,,,,,,,793,793,Nihilego
,,,,,,,794,794,Buzzwole
,,,,,,,795,795,Pheromosa
,,,,,,,796,796,Xurkitree
,,,,,,,797,797,Celesteela
,,,,,,,798,798,Kartana
,,,,,,,799,799,Guzzlord
,,,,,,,800,800,Necrozma
,,,,,,,800,800DM,Necrozma (Dusk Mane)
,,,,,,,800,800DW,Necrozma (Dawn Wings)
,,,,,,,800,800U,Necrozma (Ultra Necrozma)
,,,,,,,801,801,Magearna
,,,,,,,802,802,Marshadow
,,,,,,,803,803,Poipole
,,,,,,,804,804,Naganadel
,,,,,,,805,805,Stakataka
,,,,,,,806,806,Blacephalon
,,,,,,,807,807,Zeraora
,,,,,,,808,808,Meltan
,,,,,,,809,809,Melmetal