ID,Pokémon,English,Japanese,Japanese Rōmaji,French,German,Italian,Spanish,Korean,Korean Romanized,Chinese,Chinese Romanized
25,Pikachu,Cosplay Pikachu,おきがえ・ピカチュウ,Okigae Pikachu,Pikachu Cosplayeur,Cosplay-Pikachu,Pikachu Cosplay,Pikachu Coqueta,옷갈아입기 피카츄,Otgaraipgi Pikachu,—,—
25,Pikachu,Pikachu Rock Star,ハードロック・ピカチュウ,Hard Rock Pikachu,Pikachu Rockeur,Rocker-Pikachu,Pikachu rockstar,Pikachu Roquera,하드록 피카츄,Hard Rock Pikachu,重搖滾皮卡丘 / 重摇滚皮卡丘,Zhòngyáogǔn Píkǎqiū / Chúhngyìuhgwán Pikachu
25,Pikachu,Pikachu Belle,マダム・ピカチュウ,Madame Pikachu,Pikachu Lady,Damen-Pikachu,Pikachu damigella,Pikachu Aristócrata,마담 피카츄,Madame Pikachu,貴婦皮卡丘 / 贵妇皮卡丘,Guìfù Píkǎqiū / Gwaifúh Pikachu
25,Pikachu,Pikachu Pop Star,アイドル・ピカチュウ,Idol Pikachu,Pikachu Star,Star-Pikachu,Pikachu confetto,Pikachu Superstar,아이돌 피카츄,Idol Pikachu,偶像皮卡丘,Ǒuxiàng Píkǎqiū / Ngáuhjeuhng Pikachu
25,Pikachu,"Pikachu, Ph. D",ドクター・ピカチュウ,Doctor Pikachu,Pikachu Docteur,Professoren-Pikachu,Pikachu scienziata,Pikachu Erudita,닥터 피카츄,Doctor Pikachu,博士皮卡丘,Bóshì Píkǎqiū / Boksih Pikachu
25,Pikachu,Pikachu Libre,マスクド・ピカチュウ,Masked Pikachu,Pikachu Catcheur,Wrestler-Pikachu,Pikachu wrestler,Pikachu Enmascarada,마스크드 피카츄,Masked Pikachu,蒙面・皮卡丘,Méngmiàn Píkǎqiū / Mùhngmihn Pikachu
25,Pikachu,Original Cap,オリジナルキャップ,Original Cap,Casquette Originale,Original-Kappe,Berretto Originale,Gorra Original,오리지널캡,Original Cap,初始帽子,Chūshǐ Màozi / Chōchí Mouhjí
25,Pikachu,Hoenn Cap,ホウエンキャップ,Hoenn Cap,Casquette de Hoenn,Hoenn-Kappe,Berretto Hoenn,Gorra Hoenn,호연캡,Hoenn Cap,豐緣帽子 / 丰缘帽子,Fēngyuán Màozi / Fūngyùhn Mouhjí
25,Pikachu,Sinnoh Cap,シンオウキャップ,Sinnoh Cap,Casquette de Sinnoh,Sinnoh-Kappe,Berretto Sinnoh,Gorra Sinnoh,신오캡,Sinnoh Cap,神奧帽子 / 神奥帽子,Shén'aò Màozi / Sàhn'ou Mouhjí
25,Pikachu,Unova Cap,イッシュキャップ,Isshu Cap,Casquette d'Unys,Einall-Kappe,Berretto Unima,Gorra Teselia,하나캡,Hana Cap,合眾帽子 / 合众帽子,Hézhòng Màozi / Hapjung Mouhjí
25,Pikachu,Kalos Cap,カロスキャップ,Kalos Cap,Casquette de Kalos,Kalos-Kappe,Berretto Kalos,Gorra Kalos,칼로스캡,Kalos Cap,卡洛斯帽子,Kǎluòsī Màozi / Kāloksī Mouhjí
25,Pikachu,Alola Cap,アローラキャップ,Alola Cap,Casquette d'Alola,Alola-Kappe,Berretto Alola,Gorra Alola,알로라캡,Alola Cap,阿羅拉帽子 / 阿罗拉帽子,Āluólā Màozi / Alòhlāai Mouhjí
25,Pikachu,Partner Cap,キミにきめたキャップ,Kimi ni Kimeta Cap,Casquette Partenaire,Partnerkappe,Berretto Compagni,Gorra Compañero,너로정했다캡,Neoro Jeonghaetda Cap,就決定是你了之帽子,Jiù Juédìng Shì Nǐle-zhī Màozi / Jauh Kyutdihng Sih Néihlíuh-jī Mouhjí
172,Pichu,Spiky-eared Pichu,ギザみみピチュー,Gizamimi Pichu,Pichu Troizépi,Strubbelohr-Pichu,Pichu Spunzorek,Pichu Picoreja,삐쭉귀 피츄,Ppijjukgwi Pichu,刺刺耳皮丘,Cìcì'ěr Píqiū
201,Unown,One form,あるすがた,Aru sugata,Forme Unique,Einform,Forma Vaga,Una forma,형태별 모습,Hyeongtaebyeol moseup,某種樣子 / 某种样子,Mǒuzhǒng Yàngzi / Máuhjúng Yeuhngjí
351,Castform,Normal,ポワルンのすがた,Powalen no Sugata,Forme de Morphéo,Formeo,Forma Castform,Forma de Castform,캐스퐁의 모습,Kaeseupong-ui Moseup,飄浮泡泡的樣子 / 飘浮泡泡的样子,Piāofúpàopào-de Yàngzi / Pīufàuhpóuhpóuh-dīk Yeuhngjí
351,Castform,Sunny Form,たいようのすがた,Taiyō no Sugata,Forme Solaire,Sonnenform,Forma Sole,Forma Sol,태양의 모습,Taeyang-ui Moseup,太陽的樣子 / 太阳的样子,Tàiyáng-de Yàngzi / Taaiyèuhng-dīk Yeuhngjí
351,Castform,Rainy Form,あまみずのすがた,Amamizu no Sugata,Forme Eau de Pluie,Regenform,Forma Pioggia,Forma Lluvia,빗방울의 모습,Bitbangu-rui Moseup,雨水的樣子 / 雨水的样子,Yǔshuǐ-de Yàngzi / Yúhséui-dīk Yeuhngjí
351,Castform,Snowy Form,ゆきぐものすがた,Yukigumo no Sugata,Forme Blizzard,Schneeform,Forma Nuvola di Neve,Forma Nieve,설운의 모습,Seorun-ui Moseup,雪雲的樣子 / 雪云的样子,Xuěyún-de Yàngzi / Syutwàhn-dīk Yeuhngjí
386,Deoxys,Normal Forme,ノーマルフォルム,Normal Forme,Forme Normale,Normalform,Forma Normale,Forma Normal,노말폼,Normal Forme,普通形態 / 普通形态,Pǔtōng Xíngtài / Póutūng Yìhngtaai
386,Deoxys,Attack Forme,アタックフォルム,Attack Forme,Forme Attaque,Angriffsform,Forma Attacco,Forma Ataque,어택폼,Attack Forme,攻擊形態 / 攻击形态,Gōngjí Xíngtài / Gōngjī Xíngtài / Gūnggīk Yìhngtaai
386,Deoxys,Defense Forme,ディフェンスフォルム,Defense Forme,Forme Défense,Verteidigungsform,Forma Difesa,Forma Defensa,디펜스폼,Defense Forme,防禦形態 / 防御形态,Fángyù Xíngtài / Fòhngyuh Yìhngtaai
386,Deoxys,Speed Forme,スピードフォルム,Speed Forme,Forme Vitesse,Initiativeform,Forma Velocità,Forma Velocidad,스피드폼,Speed Forme,速度形態 / 速度形态,Sùdù Xíngtài / Chūkdouh Yìhngtaai
412,Burmy,Plant Cloak,くさきのミノ,Kusaki no Mino,Cape Plante,Pflanzenumhang,Manto Pianta,Tronco Planta,초목도롱,Chomong Dorong,草木蓑衣,Cǎomù Suōyī / Chóumuhk Sōyī
412,Burmy,Sandy Cloak,すなちのミノ,Sunachi no Mino,Cape Sable,Sandumhang,Manto Sabbia,Tronco Arena,모래땅도롱,Moraettang Dorong,砂土蓑衣,Shātǔ Suōyī / Sātóu Sōyī
412,Burmy,Trash Cloak,ゴミのミノ,Gomi no Mino,Cape Déchet,Lumpenumhang,Manto Scarti,Tronco Basura,슈레도롱,Syure Dorong,垃圾蓑衣,Lèsè Suōyī / Laahpsaap Sōyī
413,Wormadam,Plant Cloak,くさきのミノ,Kusaki no Mino,Cape Plante,Pflanzenumhang,Manto Pianta,Tronco Planta,초목도롱,Chomong Dorong,草木蓑衣,Cǎomù Suōyī / Chóumuhk Sōyī
413,Wormadam,Sandy Cloak,すなちのミノ,Sunachi no Mino,Cape Sable,Sandumhang,Manto Sabbia,Tronco Arena,모래땅도롱,Moraettang Dorong,砂土蓑衣,Shātǔ Suōyī / Sātóu Sōyī
413,Wormadam,Trash Cloak,ゴミのミノ,Gomi no Mino,Cape Déchet,Lumpenumhang,Manto Scarti,Tronco Basura,슈레도롱,Syure Dorong,垃圾蓑衣,Lèsè Suōyī / Laahpsaap Sōyī
421,Cherrim,Overcast Form,ネガフォルム,Nega Forme,Temps Couvert,Wolkenform,Forma Nuvola,Forma Encapotado,네거폼,Nega Forme,陰天形態 / 阴天形态,Yīntiān Xíngtài / Yāmtīn Yìhngtaai
421,Cherrim,Sunshine Form,ポジフォルム,Posi Forme,Temps Ensoleillé,Sonnenform,Forma Splendore,Forma Soleado,포지폼,Posi Forme,晴天形態 / 晴天形态,Qíngtiān Xíngtài / Chìhngtīn Yìhngtaai
422,Shellos,West Sea,にしのうみ,Nishi no Umi,Mer Occident,Westliches Meer,Mare Ovest,Mar Oeste,서쪽바다,Seo-jjong Bada,西海,Xihǎi / Sāihói
422,Shellos,East Sea,ひがしのうみ,Higashi no Umi,Mer Orient,Östliches Meer,Mare Est,Mar Este,동쪽바다,Dong-jjong Bada,東海 / 东海,Dōnghǎi / Dūnghói
423,Gastrodon,West Sea,にしのうみ,Nishi no Umi,Mer Occident,Westliches Meer,Mare Ovest,Mar Oeste,서쪽바다,Seo-jjong Bada,西海,Xihǎi / Sāihói
423,Gastrodon,East Sea,ひがしのうみ,Higashi no Umi,Mer Orient,Östliches Meer,Mare Est,Mar Este,동쪽바다,Dong-jjong Bada,東海 / 东海,Dōnghǎi / Dūnghói
479,Rotom,Rotom,ロトムのすがた,Rotom no Sugata,Forme de Motisma,Rotom,Forma Rotom,Forma de Rotom,로토무의 모습,Rotomu-ui Moseup,洛托姆的樣子 / 洛托姆的样子,Luòtuōmǔ-de Yàngzi / Loktokmóuh-dīk Yeuhngjí
479,Rotom,Heat Rotom,ヒートロトム,Heat Rotom,Motisma Chaleur,Hitze-Rotom,Rotom Calore,Rotom Calor,히트로토무,Heat Rotomu,加熱洛托姆 / 加热洛托姆,Jiārè Luòtuōmǔ / Gāyiht Loktokmóuh
479,Rotom,Wash Rotom,ウォッシュロトム,Wash Rotom,Motisma Lavage,Wasch-Rotom,Rotom Lavaggio,Rotom Lavado,워시로토무,Wash Rotomu,清洗洛托姆,Qīngxǐ Luòtuōmǔ / Chīngsái Loktokmóuh
479,Rotom,Frost Rotom,フロストロトム,Frost Rotom,Motisma Froid,Frost-Rotom,Rotom Gelo,Rotom Frío,프로스트로토무,Frost Rotomu,結冰洛托姆 / 结冰洛托姆,Jiébīng Luòtuōmǔ / Gitbīng Loktokmóuh
479,Rotom,Fan Rotom,スピンロトム,Spin Rotom,Motisma Hélice,Wirbel-Rotom,Rotom Vortice,Rotom Ventilador,스핀로토무,Spin Rotomu,旋轉洛托姆 / 旋转洛托姆,Xuánzhuǎn Luòtuōmǔ / Syùhnjyún Loktokmóuh
479,Rotom,Mow Rotom,カットロトム,Cut Rotom,Motisma Tonte,Schneid-Rotom,Rotom Taglio,Rotom Corte,커트로토무,Cut Rotomu,切割洛托姆,Qiēgē Luòtuōmǔ / Chitgot Loktokmóuh
487,Giratina,Altered Forme,アナザーフォルム,Another Forme,Forme Alternative,Wandelform,Forma Alterata,Forma Modificada,어나더폼,Another Forme,別種形態 / 别种形态,Biézhǒng Xíngtài / Bihtjúng Yìhngtaai
487,Giratina,Origin Forme,オリジンフォルム,Origin Forme,Forme Originelle,Urform,Forma Originale,Forma Origen,오리진폼,Origin Forme,起源形態 / 起源形态,Qǐyuán Xíngtài / Héiyùhn Yìhngtaai
492,Shaymin,Land Forme,ランドフォルム,Land Forme,Forme Terrestre,Landform,Forma Terra,Forma Tierra,랜드폼,Land Forme,陸上形態 / 陆上形态,Lùshàng Xíngtài / Luhkseuhng Yìhngtaai
492,Shaymin,Sky Forme,スカイフォルム,Sky Forme,Forme Céleste,Zenitform,Forma Cielo,Forma Cielo,스카이폼,Sky Forme,天空形態 / 天空形态,Tiānkōng Xíngtài / Tīnhūng Yìhngtaai
493,Arceus,Arceus,アルセウスのすがた,Arceus no Sugata,Forme de Arceus,Arceus,Forma di Arceus,Forma de Arceus,아르세우스의 모습,Arceus-ui Moseup,阿爾宙斯的樣子 / 阿尔宙斯的样子,Ā'ěrzhòusī-de Yàngzi / Ayíhjauhsī-dīk Yeuhngjí
550,Basculin,Red-Striped Form,あかすじのすがた,Aka-suji no Sugata,Motif Rouge,Rotlinige Form,Forma Linearossa,Forma Raya Roja,적색근의 모습,Jeoksaenggeun-ui Moseup,紅條紋的樣子 / 红条纹的样子,Hóngtiáowén-de Yàngzi / Hùhngtìuhmàhn-dīk Yeuhngjí
550,Basculin,Blue-Striped Form,あおすじのすがた,Ao-suji no Sugata,Motif Bleu,Blaulinige Form,Forma Lineablu,Forma Raya Azul,청색근의 모습,Cheongsaenggeun-ui Moseup,藍條紋的樣子 / 蓝条纹的样子,Lántiáowén-de Yàngzi / Làahmtìuhmàhn-dīk Yeuhngjí
555,Darmanitan,Standard Mode,ノーマルモード,Normal Mode,Mode Normal,Normalmodus,Forma Normalità,Modo Normal,노말모드,Normal Mode,普通模式,Pǔtōng Móshì / Póutūng Mòuhsīk
555,Darmanitan,Zen Mode,ダルマモード,Daruma Mode,Mode Transe,Trance-Modus,Stato Zen,Modo Daruma,달마모드,Daruma Mode,達摩模式 / 达摩模式,Dámó Móshì / Daahtmō Mòuhsīk
585,Deerling,Spring Form,はるのすがた,Haru no Sugata,Forme Printemps,Frühlingsform,Forma Primavera,Forma Primavera,봄의 모습,Bom-ui Moseup,春天的樣子 / 春天的样子,Chūntiān-de Yàngzi / Chēuntīn-dīk Yeuhngjí
585,Deerling,Summer Form,なつのすがた,Natsu no Sugata,Forme Été,Sommerform,Forma Estate,Forma Verano,여름의 모습,Yeoreum-ui Moseup,夏天的樣子 / 夏天的样子,Xiàtiān-de Yàngzi / Hahtīn-dīk Yeuhngjí
585,Deerling,Autumn Form,あきのすがた,Aki no Sugata,Forme Automne,Herbstform,Forma Autunno,Forma Otoño,가을의 모습,Gaeu-rui Moseup,秋天的樣子 / 秋天的样子,Qiūtiān-de Yàngzi / Chāutīn-dīk Yeuhngjí
585,Deerling,Winter Form,ふゆのすがた,Fuyu no Sugata,Forme Hiver,Winterform,Forma Inverno,Forma Invierno,겨울의 모습,Gyeou-rui Moseup,冬天的樣子 / 冬天的样子,Dōngtiān-de Yàngzi / Dūngtīn-dīk Yeuhngjí
586,Sawsbuck,Spring Form,はるのすがた,Haru no Sugata,Forme Printemps,Frühlingsform,Forma Primavera,Forma Primavera,봄의 모습,Bom-ui Moseup,春天的樣子 / 春天的样子,Chūntiān-de Yàngzi / Chēuntīn-dīk Yeuhngjí
586,Sawsbuck,Summer Form,なつのすがた,Natsu no Sugata,Forme Été,Sommerform,Forma Estate,Forma Verano,여름의 모습,Yeoreum-ui Moseup,夏天的樣子 / 夏天的样子,Xiàtiān-de Yàngzi / Hahtīn-dīk Yeuhngjí
586,Sawsbuck,Autumn Form,あきのすがた,Aki no Sugata,Forme Automne,Herbstform,Forma Autunno,Forma Otoño,가을의 모습,Gaeu-rui Moseup,秋天的樣子 / 秋天的样子,Qiūtiān-de Yàngzi / Chāutīn-dīk Yeuhngjí
586,Sawsbuck,Winter Form,ふゆのすがた,Fuyu no Sugata,Forme Hiver,Winterform,Forma Inverno,Forma Invierno,겨울의 모습,Gyeou-rui Moseup,冬天的樣子 / 冬天的样子,Dōngtiān-de Yàngzi / Dūngtīn-dīk Yeuhngjí
641,Tornadus,Incarnate Forme,けしんフォルム,Keshin Forme,Forme Avatar,Inkarnationsform,Forma Incarnazione,Forma Avatar,화신폼,Hwasin Forme,化身形態 / 化身形态,Huàshēn Xíngtài / Fasān Yìhngtaai
641,Tornadus,Therian Forme,れいじゅうフォルム,Reijū Forme,Forme Totémique,Tiergeistform,Forma Totem,Forma Tótem,영물폼,Yeongmul Forme,靈獸形態 / 灵兽形态,Língshòu Xíngtài / Lìhngsau Yìhngtaai
642,Thundurus,Incarnate Forme,けしんフォルム,Keshin Forme,Forme Avatar,Inkarnationsform,Forma Incarnazione,Forma Avatar,화신폼,Hwasin Forme,化身形態 / 化身形态,Huàshēn Xíngtài / Fasān Yìhngtaai
642,Thundurus,Therian Forme,れいじゅうフォルム,Reijū Forme,Forme Totémique,Tiergeistform,Forma Totem,Forma Tótem,영물폼,Yeongmul Forme,靈獸形態 / 灵兽形态,Língshòu Xíngtài / Lìhngsau Yìhngtaai
645,Landorus,Incarnate Forme,けしんフォルム,Keshin Forme,Forme Avatar,Inkarnationsform,Forma Incarnazione,Forma Avatar,화신폼,Hwasin Forme,化身形態 / 化身形态,Huàshēn Xíngtài / Fasān Yìhngtaai
645,Landorus,Therian Forme,れいじゅうフォルム,Reijū Forme,Forme Totémique,Tiergeistform,Forma Totem,Forma Tótem,영물폼,Yeongmul Forme,靈獸形態 / 灵兽形态,Língshòu Xíngtài / Lìhngsau Yìhngtaai
646,Kyurem,Kyurem,キュレムのすがた,Kyurem no Sugata,Forme de Kyurem,Kyurem,Forma di Kyurem,Forma Kyurem,큐레무의 모습,Kyurem-ui Moseup,酋雷姆的樣子 / 酋雷姆的样子,Qiúléimǔ-de Xíngtài / Yàuhlèuihmóuh-dīk Yìhngtaai
646,Kyurem,White Kyurem,ホワイトキュレム,White Kyurem,Kyurem Blanc,Weißes Kyurem,Kyurem Bianco,Kyurem Blanco,화이트큐레무,White Kyurem,焰白酋雷姆,Yànbái Qiúléimǔ / Yihmbaahk Yàuhlèuihmóuh
646,Kyurem,Black Kyurem,ブラックキュレム,Black Kyurem,Kyurem Noir,Schwarzes Kyurem,Kyurem Nero,Kyurem Negro,블랙큐레무,Black Kyurem,闇黑酋雷姆 / 暗黑酋雷姆,Ànhēi Qiúléimǔ / Amhāk Yàuhlèuihmóuh
647,Keldeo,Ordinary Form,いつものすがた,Itsumo no Sugata,Aspect Normal,Standardform,Forma Normale,Forma Habitual,평상시 모습,Pyeongsang-si Moseup,平常的樣子 / 平常的样子,Píngcháng-de Yàngzi / Pìhngsèuhng-dīk Yeuhngjí
647,Keldeo,Resolute Form,かくごのすがた,Kakugo no Sugata,Aspect Décidé,Resolutform,Forma Risoluta,Forma Brío,각오의 모습,Gago-ui Moseup,覺悟的樣子 / 觉悟的样子,Juéwù-de Yàngzi / Gokngh-dīk Yeuhngjí
648,Meloetta,Aria Forme,ボイスフォルム,Voice Forme,Forme Chant,Gesangsform,Forma Canto,Forma Lírica,보이스폼,Voice Forme,歌聲形態 / 歌声形态,Gēshēng Xíngtài / Gōsīng Yìhngtaai
648,Meloetta,Pirouette Forme,ステップフォルム,Step Forme,Forme Danse,Tanzform,Forma Danza,Forma Danza,스텝폼,Step Forme,舞步形態 / 舞步形态,Wǔbù Xíngtài / Móuhbouh Yìhngtaai
649,Genesect,Genesect,ゲノセクトのすがた,Genesect no Sugata,Forme de Genesect,Genesect,Forma di Genesect,Forma de Genesect,게노세크트의 모습,Genesect-ui Moseup,蓋諾賽克特的樣子 / 盖诺赛克特的样子,Gàinuòsàikètè-de Yàngzi / Koinohkchoihākdahk-dīk Yeuhngjí
658,Greninja,Ash-Greninja,サトシゲッコウガ,Satoshi Gekkouga,Sachanobi,Ash-Quajutsu,Greninja Forma Ash,Greninja Ash,지우개굴닌자,Jiu Gaegulninja,小智版甲賀忍蛙 / 小智版甲贺忍蛙,Xiǎozhì-bǎn Jiǎhèrěnwā / Síuji-báan Gaaphohyánwā
666,Vivillon,Icy Snow Pattern,ひょうせつのもよう,Hyōsetsu no Moyō,Motif Blizzard,Frostmuster,Motivo Nevi Perenni,Motivo Polar,빙설의 모양,Bingseol-ui Moyang,冰雪花紋 / 冰雪花纹,Bīngxuě Huāwén / Bīngsyut Fāmàhn
666,Vivillon,Polar Pattern,ゆきぐにのもよう,Yukiguni no Moyō,Motif Banquise,Schneefeldmuster,Motivo Nordico,Motivo Taiga,설국의 모양,Seolgok-ui Moyang,雪國花紋 / 雪国花纹,Xuěguó Huāwén / Syutgwok Fāmàhn
666,Vivillon,Tundra Pattern,せつげんのもよう,Setsugen no Moyō,Motif Glace,Flockenmuster,Motivo Manto di Neve,Motivo Tundra,설원의 모양,Seolwon-ui Moyang,雪原花紋 / 雪原花纹,Xuěyuán Huāwén / Syutyùhn Fāmàhn
666,Vivillon,Continental Pattern,たいりくのもよう,Tairiku no Moyō,Motif Continent,Kontinentalmuster,Motivo Continentale,Motivo Continental,대륙의 모양,Taeryuk-ui Moyang,大陸花紋 / 大陆花纹,Dàlù Huāwén / Daaihluhk Fāmàhn
666,Vivillon,Garden Pattern,ていえんのもよう,Teien no Moyō,Motif Verdure,Ziergartenmuster,Motivo Prato,Motivo Vergel,정원의 모양,Jeongweon-ui Moyang,庭園花紋 / 庭园花纹,Tíngyuán Huāwén / Tìhngyùhn Fāmàhn
666,Vivillon,Elegant Pattern,みやびなもよう,Miyabi-na Moyō,Motif Monarchie,Prunkmuster,Motivo Eleganza,Motivo Oriental,우아한 모양,Ua-han Moyang,高雅花紋 / 高雅花纹,Gāoyǎ Huāwén / Gōu'ngáh Fāmàhn
666,Vivillon,Meadow Pattern,はなぞののもよう,Hanazono no Moyō,Motif Floraison,Blumenmeermuster,Motivo Giardinfiore,Motivo Floral,화원의 모양,Hwawon Moyang,花園花紋 / 花园花纹,Huāyuán Huāwén / Fāyún Fāmàhn
666,Vivillon,Modern Pattern,モダンなもよう,Modern na Moyō,Motif Métropole,Innovationsmuster,Motivo Trendy,Motivo Moderno,모던한 모양,Modern-han Moyang,摩登花紋 / 摩登花纹,Módēng Huāwén / Mōdāng Fāmàhn
666,Vivillon,Marine Pattern,マリンのもよう,Marine no Moyō,Motif Rivage,Aquamarinmuster,Motivo Marino,Motivo Marino,마린의 모양,Marine-ui Moyang,大海花紋 / 大海花纹,Dàhǎi Huāwén / Daaihhói Fāmàhn
666,Vivillon,Archipelago Pattern,ぐんとうのもよう,Guntō no Moyō,Motif Archipel,Archipelmuster,Motivo Arcipelago,Motivo Isleño,군도의 모양,Gundo-ui Moyang,群島花紋 / 群岛花纹,Qúndǎo Huāwén / Kwàhndóu Fāmàhn
666,Vivillon,High Plains Pattern,こうやのもよう,Kōya no Moyō,Motif Sécheresse,Dürremuster,Motivo Deserto,Motivo Estepa,황야의 모양,Hwangya-ui Moyang,荒野花紋 / 荒野花纹,Huāngyě Huāwén / Fōngyéh Fāmàhn
666,Vivillon,Sandstorm Pattern,さじんのもよう,Sajin no Moyō,Motif Sable,Sandmuster,Motivo Sabbia,Motivo Desierto,사진의 모양,Sajin-ui Moyang,沙塵花紋 / 沙尘花纹,Shāchén Huāwén / Sāchàhn Fāmàhn
666,Vivillon,River Pattern,たいがのもよう,Taiga no Moyō,Motif Delta,Flussdeltamuster,Motivo Fluviale,Motivo Oasis,대하의 모양,Daeha-ui Moyang,大河花紋 / 大河花纹,Dàhé Huāwén / Daaihhòh Fāmàhn
666,Vivillon,Monsoon Pattern,スコールのもよう,Squall no Moyō,Motif Cyclone,Monsunmuster,Motivo Pluviale,Motivo Monzón,스콜의 모양,Squall-ui Moyang,驟雨花紋 / 骤雨花纹,Zòuyǔ Huāwén / Zhòuyǔ Huāwén / Jaauhyúh Fāmàhn
666,Vivillon,Savanna Pattern,サバンナのもよう,Savanna no Moyō,Motif Mangrove,Savannenmuster,Motivo Savana,Motivo Pantano,사바나의 모양,Savanna-ui Moyang,熱帶草原花紋 / 热带草原花纹,Rèdàicǎoyuán Huāwén / Yihtdaaichóuyùhn Fāmàhn
666,Vivillon,Sun Pattern,たいようのもよう,Taiyō no Moyō,Motif Zénith,Sonnenmuster,Motivo Solare,Motivo Solar,태양의 모양,Taeyang-ui Moyang,太陽花紋 / 太阳花纹,Tàiyáng Huāwén / Taaiyèuhng Fāmàhn
666,Vivillon,Ocean Pattern,オーシャンのもよう,Ocean no Moyō,Motif Soleil Levant,Ozeanmuster,Motivo Oceanico,Motivo Océano,오션의 모양,Ocean-ui Moyang,大洋花紋 / 大洋花纹,Dàyáng Huāwén / Daaihyèuhng Fāmàhn
666,Vivillon,Jungle Pattern,ジャングルのもよう,Jungle no Moyō,Motif Jungle,Dschungelmuster,Motivo Giungla,Motivo Jungla,정글의 모양,Jungle-ui Moyang,熱帶雨林花紋 / 热带雨林花纹,Rèdàiyǔlín Huāwén / Yihtdaaiyúhlàhm Fāmàhn
666,Vivillon,Fancy Pattern,ファンシーなもよう,Fancy na Moyō,Motif Fantaisie,Fantasiemuster,Motivo Sbarazzino,Motivo Fantasía,팬시한 모양,Fancy-han Moyang,幻彩花紋 / 幻彩花纹,Huànyǐng Huāwén / Waahnyíng Fāmàhn
666,Vivillon,Poké Ball Pattern,ボールのもよう,Ball no Moyō,Motif Poké Ball,Pokéball-Muster,Motivo Poké Ball,Motivo Poké Ball,볼의 모양,Ball-ui Moyang,球球花紋 / 球球花纹,Qiúqiú Huāwén / Kàuhkàuh Fāmàhn
669,Flabébé,Red Flower,あかいはな,Akai Hana,Fleur Rouge,Rotblütler,Fiore Rosso,Flor Roja,빨간 꽃,Ppalgan Kkot,紅花 / 红花,Hónghuā / Hùhngfā
669,Flabébé,Yellow Flower,きいろのはな,Ki-iro no Hana,Fleur Jaune,Gelbblütler,Fiore Giallo,Flor Amarilla,노란 꽃,Noran Kkot,黃花 / 黄花,Huánghuā / Wòhngfā
669,Flabébé,Orange Flower,オレンジいろのはな,Orenji-iro no Hana,Fleur Orange,Orangeblütler,Fiore Arancione,Flor Naranja,오렌지색 꽃,Orenji-saek Kkot,橙花,Chénghuā / Cháangfā
669,Flabébé,Blue Flower,あおいはな,Aoi Hana,Fleur Bleue,Blaublütler,Fiore Blu,Flor Azul,파란 꽃,Paran Kkot,藍花 / 蓝花,Lánhuā / Làahmfā
669,Flabébé,White Flower,しろいはな,Shiroi Hana,Fleur Blanche,Weißblütler,Fiore Bianco,Flor Blanca,하얀 꽃,Hayan Kkot,白花,Báihuā / Baahkfā
670,Floette,Red Flower,あかいはな,Akai Hana,Fleur Rouge,Rotblütler,Fiore Rosso,Flor Roja,빨간 꽃,Ppalgan Kkot,紅花 / 红花,Hónghuā / Hùhngfā
670,Floette,Yellow Flower,きいろのはな,Ki-iro no Hana,Fleur Jaune,Gelbblütler,Fiore Giallo,Flor Amarilla,노란 꽃,Noran Kkot,黃花 / 黄花,Huánghuā / Wòhngfā
670,Floette,Orange Flower,オレンジいろのはな,Orenji-iro no Hana,Fleur Orange,Orangeblütler,Fiore Arancione,Flor Naranja,오렌지색 꽃,Orenji-saek Kkot,橙花,Chénghuā / Cháangfā
670,Floette,Blue Flower,あおいはな,Aoi Hana,Fleur Bleue,Blaublütler,Fiore Blu,Flor Azul,파란 꽃,Paran Kkot,藍花 / 蓝花,Lánhuā / Làahmfā
670,Floette,White Flower,しろいはな,Shiroi Hana,Fleur Blanche,Weißblütler,Fiore Bianco,Flor Blanca,하얀 꽃,Hayan Kkot,白花,Báihuā / Baahkfā
670,Floette,Eternal Flower,えいえんのはな,Eien no Hana,Éternelle,Ewigblütler,Fiore Eterno,Flor Eterna,영원의 꽃,Yeongwon-ui Kkot,永恆之花 / 永恒之花,Yǒnghéng-zhī Huā / Wíhnghàhng-jī Fā
671,Florges,Red Flower,あかいはな,Akai Hana,Fleur Rouge,Rotblütler,Fiore Rosso,Flor Roja,빨간 꽃,Ppalgan Kkot,紅花 / 红花,Hónghuā / Hùhngfā
671,Florges,Yellow Flower,きいろのはな,Ki-iro no Hana,Fleur Jaune,Gelbblütler,Fiore Giallo,Flor Amarilla,노란 꽃,Noran Kkot,黃花 / 黄花,Huánghuā / Wòhngfā
671,Florges,Orange Flower,オレンジいろのはな,Orenji-iro no Hana,Fleur Orange,Orangeblütler,Fiore Arancione,Flor Naranja,오렌지색 꽃,Orenji-saek Kkot,橙花,Chénghuā / Cháangfā
671,Florges,Blue Flower,あおいはな,Aoi Hana,Fleur Bleue,Blaublütler,Fiore Blu,Flor Azul,파란 꽃,Paran Kkot,藍花 / 蓝花,Lánhuā / Làahmfā
671,Florges,White Flower,しろいはな,Shiroi Hana,Fleur Blanche,Weißblütler,Fiore Bianco,Flor Blanca,하얀 꽃,Hayan Kkot,白花,Báihuā / Baahkfā
676,Furfrou,Natural Form,やせいのすがた,Yasei no Sugata,Forme Sauvage,Zottelform,Forma Selvatica,Forma Salvaje,야생의 모습,Yasaeng-ui Moseup,野生的樣子 / 野生的样子,Yěshēng-de Yàngzi / Yéhsāang-dīk Yeuhngjí
676,Furfrou,Heart Trim,ハートカット,Heart Cut,Coupe Cœur,Herzchenschnitt,Taglio Cuore,Corte Corazón,하트컷,Heart Cut,心形造型,Xīnxíng Zàoxíng / Sāmyìhng Jouhyìhng
676,Furfrou,Star Trim,スターカット,Star Cut,Coupe Étoile,Sternchenschnitt,Taglio Stella,Corte Estrella,스타컷,Star Cut,星形造型,Xīngxíng Zàoxíng / Sīngyìhng Jouhyìhng
676,Furfrou,Diamond Trim,ダイヤカット,Dia Cut,Coupe Diamant,Diamantenschnitt,Taglio Diamante,Corte Rombo,다이아컷,Dia Cut,菱形造型,Língxíng Zàoxíng / Lìhngyìhng Jouhyìhng
676,Furfrou,Debutante Trim,レディカット,Lady Cut,Coupe Demoiselle,Fräuleinschnitt,Taglio Signorina,Corte Señorita,레이디컷,Lady Cut,淑女造型,Shúnǚ Zàoxíng / Shūnǚ Zàoxíng / Suhknéuih Jouhyìhng
676,Furfrou,Matron Trim,マダムカット,Madam Cut,Coupe Madame,Damenschnitt,Taglio Gentildonna,Corte Dama,마담컷,Madam Cut,貴婦造型 / 贵妇造型,Guìfù Zàoxíng / Gwaifúh Jouhyìhng
676,Furfrou,Dandy Trim,ジェントルカット,Gentle Cut,Coupe Monsieur,Kavaliersschnitt,Taglio Gentiluomo,Corte Caballero,젠틀컷,Gentle Cut,紳士造型 / 绅士造型,Shēnshì Zàoxíng / Sānsih Jouhyìhng
676,Furfrou,La Reine Trim,クイーンカット,Queen Cut,Coupe Reine,Königinnenschnitt,Taglio Regina,Corte Aristocrático,퀸컷,Queen Cut,女王造型,Nǚwáng Zàoxíng / Néuihwòhng Jouhyìhng
676,Furfrou,Kabuki Trim,カブキカット,Kabuki Cut,Coupe Kabuki,Kabuki-Schnitt,Taglio Kabuki,Corte Kabuki,가부키컷,Kabuki Cut,歌舞伎造型,Gēwǔjì Zàoxíng / Gōmóuhgeih Jouhyìhng
676,Furfrou,Pharaoh Trim,キングダムカット,Kingdom Cut,Coupe Pharaon,Herrscherschnitt,Taglio Faraone,Corte Faraónico,킹덤컷,Kingdom Cut,國王造型 / 国王造型,Guówáng Zàoxíng / Gwokwòhng Jouhyìhng
681,Aegislash,Shield Forme,シールドフォルム,Shield Forme,Forme Parade,Schildform,Forma Scudo,Forma Escudo,실드폼,Shield Forme,盾牌形態 / 盾牌形态,Dùnpái Xíngtài / Téuhnpàaih Yìhngtaai
681,Aegislash,Blade Forme,ブレードフォルム,Blade Forme,Forme Assaut,Klingenform,Forma Spada,Forma Filo,블레이드폼,Blade Forme,刀劍形態 / 刀剑形态,Dāojiàn Xíngtài / Dōugim Yìhngtaai
710,Pumpkaboo,Average Size,ふつうのサイズ,Futsū no Size,Taille Normale,Größe M,Normale,Tamaño Normal,보통 사이즈,Botong Size,普通尺寸,Pǔtōng Chǐcùn / Póutūng Chekchyun
710,Pumpkaboo,Small Size,ちいさいサイズ,Chiisai Size,Taille Mini,Größe S,Mini,Tamaño Pequeño,작은 사이즈,Jageun Size,小尺寸,Xiǎo Chǐcùn / Síu Chekchyun
710,Pumpkaboo,Large Size,おおきいサイズ,Ōkii Size,Taille Maxi,Größe L,Grande,Tamaño Grande,큰 사이즈,Keun Size,大尺寸,Dà Chǐcùn / Daaih Chekchyun
710,Pumpkaboo,Super Size,とくだいサイズ,Tokudai Size,Taille Ultra,Größe XL,Maxi,Tamaño Extragrande,특대 사이즈,Teukdae Size,特大尺寸,Tèdà Chǐcùn / Dahkdaaih Chekchyun
711,Gourgeist,Average Size,ふつうのサイズ,Futsū no Size,Taille Normale,Größe M,Normale,Tamaño Normal,보통 사이즈,Botong Size,普通尺寸,Pǔtōng Chǐcùn / Póutūng Chekchyun
711,Gourgeist,Small Size,ちいさいサイズ,Chiisai Size,Taille Mini,Größe S,Mini,Tamaño Pequeño,작은 사이즈,Jageun Size,小尺寸,Xiǎo Chǐcùn / Síu Chekchyun
711,Gourgeist,Large Size,おおきいサイズ,Ōkii Size,Taille Maxi,Größe L,Grande,Tamaño Grande,큰 사이즈,Keun Size,大尺寸,Dà Chǐcùn / Daaih Chekchyun
711,Gourgeist,Super Size,とくだいサイズ,Tokudai Size,Taille Ultra,Größe XL,Maxi,Tamaño Extragrande,특대 사이즈,Teukdae Size,特大尺寸,Tèdà Chǐcùn / Dahkdaaih Chekchyun
716,Xerneas,Neutral Mode,リラックスモード,Relax Mode,Mode Paisible,Ruhe-Modus,Modo Relax,Modo Relajado,릴랙스모드,Relax Mode,放鬆模式 / 放松模式,Fàngsōng Móshì / Fongsūng Mòuhsīk
716,Xerneas,Active Mode,アクティブモード,Active Mode,Mode Déchaîné,Aktiv-Modus,Modo Attivo,Modo Activo,액티브모드,Active Mode,活躍模式 / 活跃模式,Huóyuè Móshì / Wuhtyeuk Mòuhsīk
718,Zygarde,Zygarde Cell,ジガルデ・セル,Zygarde Cell,Cellule de Zygarde,Zelle von Zygarde,Cellula di Zygarde,Célula de Zygarde,지가르데 셀,Jigareude Cell,基格爾德・細胞 / 基格尔德・细胞,Jīgé'ěrdé Xìbāo / Gēigaakyíhdāk Saibāau
718,Zygarde,Zygarde Core,ジガルデ・コア,Zygarde Core,Cœur de Zygarde,Kern von Zygarde,Nucleo di Zygarde,Núcleo de Zygarde,지가르데 코어,Jigareude Core,基格爾德・核心 / 基格尔德・核心,Jīgé'ěrdé Héxīn / Gēigaakyíhdāk Hahtsām
718,Zygarde,Zygarde 10% Forme,ジガルデ・１０％フォルム,Zygarde 10% Forme,Zygarde Forme 10%,10%-Zygarde,Zygarde Forma 10%,Zygarde al 10%,지가르데 10%폼,Jigareude 10% Forme,基格爾德・１０％形態 / 基格尔德・１０％形态,Jīgé'ěrdé Bǎifēn-zhī Shí Xíngtài / Gēigaakyíhdāk Baakfahn-jī Sahp Yìhngtaai
718,Zygarde,Zygarde 50% Forme,ジガルデ・５０％フォルム,Zygarde 50% Forme,Zygarde Forme 50%,50%-Zygarde,Zygarde Forma 50%,Zygarde al 50%,지가르데 50%폼,Jigareude 50% Forme,基格爾德・５０％形態 / 基格尔德・５０％形态,Jīgé'ěrdé Bǎifēn-zhī Wǔshí Xíngtài / Gēigaakyíhdāk Baakfahn-jī Nghsahp Yìhngtaai
718,Zygarde,Zygarde Complete Forme,ジガルデ・パーフェクトフォルム,Zygarde Perfect Forme,Zygarde Forme Parfaite,Optimum-Zygarde,Zygarde Forma Perfetta,Zygarde Forma Completa,지가르데 포펙트폼,Jigareude Perfect Forme,基格爾德・完全體形態 / 基格尔德・完全体形态,Jīgé'ěrdé Wánquántǐ Xíngtài / Gēigaakyíhdāk Yùhnchyùhntái Yìhngtaai
720,Hoopa,Hoopa Confined,いましめられしフーパ,Imashimerareshi Hoopa,Hoopa Enchaîné,Gebanntes Hoopa,Hoopa Vincolato,Hoopa Contenido,굴레에 빠진 후파,Gullee Ppajin Hoopa,懲戒胡帕 / 惩戒胡帕,Chéngjiè Húpà / Chìhnggaai Wùhpaak
720,Hoopa,Hoopa Unbound,ときはなたれしフーパ,Tokihanatareshi Hoopa,Hoopa Déchaîné,Entfesseltes Hoopa,Hoopa Libero,Hoopa Desatado,굴레를 벗어난 후파,Gullereul Beoseonan Hoopa,解放胡帕,Jiěfàng Húpà / Gáaifong Wùhpaak
741,Oricorio,Baile Style,めらめらスタイル,Mera-Mera Style,Style Flamenco,Flamenco-Stil,Stile Flamenco,Estilo Apasionado,이글이글스타일,Igeur-Igeul Style,熱辣熱辣風格 / 热辣热辣风格,Rèlà-Rèlà Fēnggé / Yihtlaaht-Yihtlaaht Fūnggaak
741,Oricorio,Pom-Pom Style,ぱちぱちスタイル,Pachi-Pachi Style,Style Pom-Pom,Cheerleading-Stil,Stile Cheerdance,Estilo Animado,파칙파칙스타일,Pachik-Pachik Style,啪滋啪滋風格 / 啪滋啪滋风格,Pāzī-Pāzī Fēnggé / Pāakjī-Pāakjī Fūnggaak
741,Oricorio,Pa'u Style,ふらふらスタイル,Fura-Fura Style,Style Hula,Hula-Stil,Stile Hula,Estilo Plácido,훌라훌라스타일,Hula-Hula Style,呼拉呼拉風格 / 呼拉呼拉风格,Hūlā-Hūlā Fēnggé / Fūlāai-Fūlāai Fūnggaak
741,Oricorio,Sensu Style,まいまいスタイル,Mai-Mai Style,Style Buyō,Buyo-Stil,Stile Buyō,Estilo Refinado,하늘하늘스타일,Haneul-Haneul Style,輕盈輕盈風格 / 轻盈轻盈风格,Qīngyíng-Qīngyíng Fēnggé / Hīngyìhng-Hīngyìhng Fūnggaak
745,Lycanroc,Midday Form,まひるのすがた,Mahiru no Sugata,Forme Diurne,Tagform,Forma Giorno,Forma Diurna,한낮의모습,Hannaj-ui Moseup,白晝的樣子 / 白昼的样子,Báizhòu-de Yàngzi / Baahkjau-dīk Yeuhngjí
745,Lycanroc,Midnight Form,まよなかのすがた,Mayonaka no Sugata,Forme Nocturne,Nachtform,Forma Notte,Forma Nocturna,한밤중의 모습,Hanbamjung-ui Moseup,黑夜的樣子 / 黑夜的样子,Hēiyè-de Yàngzi / Hāakyeh-dīk Yeuhngjí
745,Lycanroc,Dusk Form,たそがれのすがた,Tasogare no Sugata,Forme Crépusculaire,Zwielichtform,Forma Crepuscolo,Forma Crepuscular,황혼의 모습,Hwanghon-ui Moseup,黃昏的樣子 / 黄昏的样子,Huánghūn-de Yàngzi / Wòhngfān-dīk Yeuhngjí
746,Wishiwashi,Solo Form,たんどくのすがた,Tandoku no Sugata,Forme Solitaire,Einzelform,Forma Individuale,Forma Individual,단독의 모습,Dandog-ui Moseup,單獨的樣子 / 单独的样子,Dāndú-de Yàngzi / Dāanduhk-dīk Yeuhngjí
746,Wishiwashi,School Form,むれたすがた,Mureta Sugata,Forme Banc,Schwarmform,Forma Banco,Forma Banco,군집의 모습,Gunjib-ui Moseup,魚群的樣子 / 鱼群的样子,Yúqún-de Yàngzi / Yùhkwàhn-dīk Yeuhngjí
773,Silvally,Type: Normal,タイプ：ノーマル,Type: Normal,Type: Normal,Typ:Normal,Tipo Normale,Tipo Normal,타입:노말,Type: Normal,屬性：一般 / 属性：一般,Shǔxìng: Yībān / Suhksing: Yātbūn
773,Silvally,Type: Fighting,タイプ：ファイト,Type: Fight,Type: Combat,Typ:Kampf,Tipo Lotta,Tipo Lucha,타입:파이팅,Type: Fighting,屬性：戰鬥 / 属性：战斗,Shǔxìng: Zhàndòu / Suhksing: Jindau
773,Silvally,Type: Flying,タイプ：フライング,Type: Flying,Type: Vol,Typ:Flug,Tipo Volante,Tipo Volador,타입:플라잉,Type: Flying,屬性：飛翔 / 属性：飞翔,Shǔxìng: Fēixiáng / Suhksing: Fēichèuhng
773,Silvally,Type: Poison,タイプ：ポイズン,Type: Poison,Type: Poison,Typ:Gift,Tipo Veleno,Tipo Veneno,타입:포이즌,Type: Poison,屬性：毒 / 属性：毒,Shǔxìng: Dú / Suhksing: Duhk
773,Silvally,Type: Ground,タイプ：グラウンド,Type: Ground,Type: Sol,Typ:Boden,Tipo Terra,Tipo Tierra,타입:그라운드,Type: Ground,屬性：大地 / 属性：大地,Shǔxìng: Dàdì / Suhksing: Daaihdeih
773,Silvally,Type: Rock,タイプ：ロック,Type: Rock,Type: Roche,Typ:Gestein,Tipo Roccia,Tipo Roca,타입:락,Type: Rock,屬性：岩石 / 属性：岩石,Shǔxìng: Yánshí / Suhksing: Ngàahmsehk
773,Silvally,Type: Bug,タイプ：バグ,Type: Bug,Type: Insecte,Typ:Käfer,Tipo Coleottero,Tipo Bicho,타입:버그,Type: Bug,屬性：蟲子 / 属性：虫子,Shǔxìng: Daaihdeih / Suhksing: Chùhngjí
773,Silvally,Type: Ghost,タイプ：ゴースト,Type: Ghost,Type: Spectre,Typ:Geist,Tipo Spettro,Tipo Fantasma,타입:고스트,Type: Ghost,屬性：幽靈 / 属性：幽灵,Shǔxìng: Yōulíng / Suhksing: Yāulìhng
773,Silvally,Type: Steel,タイプ：スチール,Type: Steel,Type: Acier,Typ:Stahl,Tipo Acciaio,Tipo Acero,타입:스틸,Type: Steel,屬性：鋼鐵 / 属性：钢铁,Shǔxìng: Gāngtiě / Suhksing: Gōngtit
773,Silvally,Type: Fire,タイプ：ファイヤー,Type: Fire,Type: Feu,Typ:Feuer,Tipo Fuoco,Tipo Fuego,타입:파이어,Type: Fire,屬性：火焰 / 属性：火焰,Shǔxìng: Huǒyàn / Suhksing: Fóyihm
773,Silvally,Type: Water,タイプ：ウオーター,Type: Water,Type: Eau,Typ:Wasser,Tipo Acqua,Tipo Agua,타입:워터,Type: Water,屬性：清水 / 属性：清水,Shǔxìng: Qīngshuǐ / Suhksing: Chīngséui
773,Silvally,Type: Grass,タイプ：グラス,Type: Grass,Type: Plante,Typ:Pflanze,Tipo Erba,Tipo Planta,타입:그래스,Type: Grass,屬性：青草 / 属性：青草,Shǔxìng: Qīngcǎo / Suhksing: Chīngchóu
773,Silvally,Type: Electric,タイプ：エレクトロ,Type: Electro,Type: Électrik,Typ:Elektro,Tipo Elettro,Tipo Eléctrico,타입:일렉트릭,Type: Electric,屬性：電子 / 属性：电子,Shǔxìng: Diànzǐ / Suhksing: Dihnjí
773,Silvally,Type: Psychic,タイプ：サイキック,Type: Psychic,Type: Psy,Typ:Psycho,Tipo Psico,Tipo Psíquico,타입:사이킥,Type: Psychic,屬性：精神 / 属性：精神,Shǔxìng: Jīngshén / Suhksing: Jīngsàhn
773,Silvally,Type: Ice,タイプ：アイス,Type: Ice,Type: Glace,Typ:Eis,Tipo Ghiaccio,Tipo Hielo,타입:아이스,Type: Ice,屬性：冰雪 / 属性：冰雪,Shǔxìng: Bīngxuě / Suhksing: Bīngsyut
773,Silvally,Type: Dragon,タイプ：ドラゴン,Type: Dragon,Type: Dragon,Typ:Drache,Tipo Drago,Tipo Dragón,타입:드래곤,Type: Dragon,屬性：龍 / 属性：龙,Shǔxìng: Lóng / Suhksing: Lùhng
773,Silvally,Type: Dark,タイプ：ダーク,Type: Dark,Type: Ténèbres,Typ:Unlicht,Tipo Buio,Tipo Siniestro,타입:다크,Type: Dark,屬性：黑暗 / 属性：黑暗,Shǔxìng: Hēi'Àn / Suhksing: Hāk'Am
773,Silvally,Type: Fairy,タイプ：フェアリー,Type: Fairy,Type: Fée,Typ:Fee,Tipo Folletto,Tipo Hada,타입:페어리,Type: Fairy,屬性：妖精 / 属性：妖精,Shǔxìng: Yāojing / Suhksing: Yíujīng
774,Minior,Meteor Form,りゅうせいのすがた,Ryūsei no Sugata,Forme Météore,Meteorform,Forma Meteora,Forma Meteorito,유성의 모습,Yuseongui Moseup,流星的樣子 / 流星的样子,Liúxīng-de Yàngzi / Làuhsīng-dīk Yeuhngjí
774,Minior,Red Core,あかいろのコア,Akairo no Core,Noyau Rouge,Roter Kern,Nucleo Rosso,Núcleo Rojo,빨간색 코어,Ppalgansaek Core,紅色核心 / 红色核心,Hóngsè Héxīn / Hùhngsīk Hahtsām
774,Minior,Orange Core,だいだいいろのコア,Daidaiiro no Core,Noyau Orange,Oranger Kern,Nucleo Arancione,Núcleo Naranja,주황색 코어,Juhwangsaek Core,橙色核心,Chéngsè Héxīn / Cháangsīk Hahtsām
774,Minior,Yellow Core,きいろのコア,Kiiro no Core,Noyau Jaune,Gelber Kern,Nucleo Giallo,Núcleo Amarillo,노란색 코어,Noransaek Core,黃色核心 / 黄色核心,Huángsè Héxīn / Wòhngsīk Hahtsām
774,Minior,Green Core,みどりいろのコア,Midoriiro no Core,Noyau Vert,Grüner Kern,Nucleo Verde,Núcleo Verde,초록색 코어,Choroksaek Core,綠色核心 / 绿色核心,Lǜsè Héxīn / Luhksīk Hahtsām
774,Minior,Blue Core,みずいろのコア,Mizuiro no Core,Noyau Bleu,Hellblauer Kern,Nucleo Azzurro,Núcleo Azul,옥색 코어,Oksaek Core,淺藍色核心 / 浅蓝色核心,Qiánlánsè Héxīn / Chínlàahmsīk Hahtsām
774,Minior,Indigo Core,あおいろのコア,Aoiro no Core,Noyau Indigo,Blauer Kern,Nucleo Indaco,Núcleo Añil,파란색 코어,Paransaek Core,藍色核心 / 蓝色核心,Lánsè Héxīn / Làahmsīk Hahtsām
774,Minior,Violet Core,むらさきいろのコア,Murasakiiro no Core,Noyau Violet,Violetter Kern,Nucleo Violetto,Núcleo Violeta,보라색 코어,Borasaek Core,紫色核心,Zǐsè Héxīn / Jísīk Hahtsām
778,Mimikyu,Disguised Form,ばけたすがた,Baketa Sugata,Forme Déguisée,Verkleidete Form,Forma Mascherata,Forma Encubierta,둔갑한 모습,Dungapan Moseup,化形的樣子 / 化形的样子,Huàxíng-de Yàngzi / Fayìhng-dīk Yeuhngjí
778,Mimikyu,Busted Form,ばれたすがた,Bareta Sugata,Forme Démasquée,Entlarvte Form,Forma Smascherata,Forma Descubierta,들킨 모습,Deulkin Moseup,現形的樣子 / 现形的样子,Xiànxíng-de Yàngzi / Yihnyìhng-dīk Yeuhngjí
800,Necrozma,Dusk Mane,たそがれのたてがみ,Tasogare no Tategami,Crinière du Couchant,Abendmähne,Criniera del Vespro,Melena Crepuscular,황혼의 갈기,Hwanghon-ui Galgi,黃昏之鬃,Huánghūn-zhī Zōng / Wòhngfān-jī Jūng
800,Necrozma,Dawn Wings,あかつきのつばさ,Akatsuki no Tsubasa,Ailes de l'Aurore,Morgenschwingen,Ali dell'Aurora,Alas del Alba,새벽의 날개,Saebyeog-ui Nalgae,拂曉之翼 / 拂晓之翼,Fúxiǎo-zhī Yì / Fāthíu-jī Yihk
800,Necrozma,Ultra,ウルトラネクロズマ,Ultra,Ultra,Ultra,Ultra,Ultra,울트라,Ultra,究極 / 究极,Jiūjí / Gaugihk
801,Magearna,Original Color,５００ねんまえのいろ,500 Nenmae no Iro,Couleur du Passé,Originalfarbe,Colore Antico,Color Vetusto,500년 전의 색,500 Nyeon Jeon-ui Saeg,５００年前的顏色 / ５００年前的颜色,500 Nínchìhn-dīk Ngàahnsīk / 500 Niánqián-de Yánsè
643,Reshiram,Overdrive mode,オーバードライブ状態,Overdrive Joutai,Overdrive,Overdrive-Modus,Overdrive,Overdrive,오버드라이브 상태,Overdrive Sangtae,超頻驅動狀態,Chāopín Qūdòng Zhuàngtài
644,Zekrom,Overdrive mode,オーバードライブ状態,Overdrive Joutai,Overdrive,Overdrive-Modus,Overdrive,Overdrive,오버드라이브 상태,Overdrive Sangtae,超頻驅動狀態,Chāopín Qūdòng Zhuàngtài
646,Kyurem,Overdrive mode,オーバードライブ状態,Overdrive Joutai,Overdrive,Overdrive-Modus,Overdrive,Overdrive,오버드라이브 상태,Overdrive Sangtae,超頻驅動狀態,Chāopín Qūdòng Zhuàngtài
791,Solgaleo,Radiant Sun phase,ライジングフェーズ,Rising phase,Phase Soleil Levant,Sonnenaufgangsphase,Fase sole nascente,Fase Sol Ascendente,라이징페이즈,Rising phase,旭日狀態 / 旭日状态,Xùrì Zhuàngtài / Yūkyaht Johngtaai
792,Lunala,Full Moon phase,フルムーンフェーズ,Full Moon phase,Phase Pleine Lune,Vollmondphase,Fase luna piena,Fase Luna Llena,풀문페이즈,Full Moon phase,滿月狀態 / 满月状态,Mǎnyuè Zhuàngtài / Múhnyuht Johngtaai
802,Marshadow,Zenith Marshadow,,,,,,,,,,