ID,Name,Effect,Generation,Single,Dual,Hidden,Japanese Kana,Japanese Rōmaji,French,German,Italian,Spanish,Korean Hangul,Korean Romanized,Chinese Hànzì,Chinese Romanized
,Cacophony,Avoids sound-based moves.,3,0,0,0,そうおん,Sō On,Cacophonie,Energieaufladung,Cacofonia,Cacofonía,,,,
1,Stench,"By releasing stench when attacking, this Pokémon may cause the target to flinch.",3,0,6,1,あくしゅう,Akushū,Puanteur,Duftnote,Tanfo,Hedor,악취,Akchwi,惡臭 / 恶臭,Èchòu / Okchau
2,Drizzle,The Pokémon makes it rain when it enters a battle.,3,1,1,1,あめふらし,Amefurashi,Crachin,Niesel,Piovischio,Llovizna,잔비,Janbi,降雨,Jiàngyǔ / Gongyúh
3,Speed Boost,Its Speed stat is boosted every turn.,3,2,2,8,かそく,Kasoku,Turbo,Temposchub,Acceleratore,Impulso,가속,Gasok,加速,Jiāsù / Gāchūk
4,Battle Armor,Hard armor protects the Pokémon from critical hits.,3,3,4,2,カブトアーマー,Kabuto Armor,Armurbaston,Kampfpanzer,Lottascudo,Armadura Batalla*,전투 무장,Jeontu Mujang,戰鬥盔甲 / 战斗盔甲,Zhàndòu Kuījiǎ / Jindau Kwāigaap
5,Sturdy,"It cannot be knocked out with one hit. One-hit KO moves cannot knock it out, either.",3,6,28,7,がんじょう,Ganjō,Fermeté,Robustheit,Vigore,Robustez,옹골참,Onggolcham,結實 / 结实,Jiēshi / Gitsaht
6,Damp,Prevents the use of explosive moves such as Self-Destruct by dampening its surroundings.,3,0,8,10,しめりけ,Shimerike,Moiteur,Feuchtigkeit,Umidità,Humedad,습기,Seupgi,濕氣 / 湿气,Shīqì / Sāphei
7,Limber,Its limber body protects the Pokémon from paralysis.,3,1,9,2,じゅうなん,Jūnan,Échauffement,Flexibilität,Scioltezza,Flexibilidad,유연,Yuyeon,柔軟 / 柔软,Róuruǎn / Yàuhyúhn
8,Sand Veil,Boosts the Pokémon's evasion in a sandstorm.,3,7,8,9,すながくれ,Sunagakure,Voile Sable,Sandschleier,Sabbiavelo,Velo Arena,모래숨기,Morae Sumgi,沙隱 / 沙隐,Shā Yǐn / Sā Yán
9,Static,"The Pokémon is charged with static electricity, so contact with it may cause paralysis.",3,9,5,1,せいでんき,Seidenki,Statik,Statik,Statico,Elec. Estática*,정전기,Jeongjeon'gi,靜電 / 静电,Jìngdiàn / Jihngdihn
10,Volt Absorb,"Restores HP if hit by an Electric-type move, instead of taking damage.",3,3,2,2,ちくでん,Chikuden,Absorb Volt,Voltabsorber,Assorbivolt,Absorbe Elec*,축전,Chukjeon,蓄電 / 蓄电,Xùdiàn / Chūkdihn
11,Water Absorb,"Restores HP if hit by a Water-type move, instead of taking damage.",3,2,12,9,ちょすい,Chosui,Absorb Eau,H2O-Absorber,Assorbacqua,Absorbe Agua*,저수,Jeosu,儲水 / 储水,Chúshuǐ / Chyúhséui
12,Oblivious,"The Pokémon is oblivious, and that keeps it from being infatuated or falling for taunts.",3,0,19,5,どんかん,Donkan,Benêt,Dösigkeit,Indifferenza,Despiste,둔감,Dungam,遲鈍 / 迟钝,Chídùn / Chìhdeuhn
13,Cloud Nine,Eliminates the effects of weather.,3,0,2,5,ノーてんき,Nō Tenki,Ciel Gris,Wolke Sieben,Antimeteo,Aclimatación,날씨 부정,Nalssi Bujeong,無關天氣 / 无关天气,Wúguān Tiānqì / Mòuhgwāan Tīnhei
14,Compound Eyes,The Pokémon's compound eyes boost its accuracy.,3,2,6,1,ふくがん,Fukugan,Œil Composé,Facettenauge,Insettocchi,Ojo Compuesto*,복안,Bok'an,複眼 / 复眼,Fùyǎn / Fūkngáahn
15,Insomnia,The Pokémon is suffering from insomnia and cannot fall asleep.,3,1,10,3,ふみん,Fumin,Insomnia,Insomnia,Insonnia,Insomnio,불면,Bulmyeon,不眠,Bùmián / Bātmìhn
16,Color Change,The Pokémon's type becomes the type of the move used on it.,3,1,0,0,へんしょく,Henshoku,Déguisement,Farbwechsel,Cambiacolore,Cambio Color,변색,Byeonsaek,變色 / 变色,Biànsè / Binsīk
17,Immunity,The immune system of the Pokémon prevents it from getting poisoned.,3,1,1,1,めんえき,Men'eki,Vaccin,Immunität,Immunità,Inmunidad,면역,Myeon'yeok,免疫,Miǎnyì / Míhnyihk
18,Flash Fire,Powers up the Pokémon's Fire-type moves if it's hit by one.,3,4,10,3,もらいび,Moraibi,Torche,Feuerfänger,Fuocardore,Absorbe Fuego*,타오르는 불꽃,Taoreuneun Bulkkot,引火,Yǐnhuǒ / Yáhnfó
19,Shield Dust,This Pokémon's dust blocks the additional effects of attacks taken.,3,4,5,0,りんぷん,Rinpun,Écran Poudre,Puderabwehr,Polvoscudo,Polvo Escudo,인분,Inbun,鱗粉 / 鳞粉,Línfěn / Lèuhnfán
20,Own Tempo,"This Pokémon has its own tempo, and that prevents it from becoming confused.",3,0,18,5,マイペース,My Pace,Tempo Perso,Tempomacher,Mente Locale,Ritmo Propio,마이페이스,My Pace,我行我素,Wǒxíngwǒsù / Ngóhhàhngngóhsou
21,Suction Cups,This Pokémon uses suction cups to stay in one spot to negate all moves and items that force switching out.,3,2,3,0,きゅうばん,Kyūban,Ventouse,Saugnapf,Ventose,Ventosas,흡반,Heupban,吸盤 / 吸盘,Xīpán / Kāppún
22,Intimidate,"The Pokémon intimidates opposing Pokémon upon entering battle, lowering their Attack stat.",3,7,19,6,いかく,Ikaku,Intimidation,Bedroher,Prepotenza,Intimidación,위협,Wihyeop,威嚇 / 威吓,Wēihè / Wāihaak
23,Shadow Tag,This Pokémon steps on the opposing Pokémon's shadow to prevent it from escaping.,3,3,0,3,かげふみ,Kage Fumi,Marque Ombre,Wegsperre,Pedinombra,Sombra Trampa*,그림자 밟기,Geurimja Balgi,踩影,Cǎi Yǐng / Cháai Yíng
24,Rough Skin,This Pokémon inflicts damage with its rough skin to the attacker on contact.,3,2,1,3,さめはだ,Samehada,Peau Dure,Rauhaut,Cartavetro,Piel Tosca,까칠한 피부,Kkachilhan Pibu,粗糙皮膚 / 粗糙皮肤,Cūcào Pífū / Chōuchou Pèihfū
25,Wonder Guard,Its mysterious power only lets supereffective moves hit the Pokémon.,3,1,0,0,ふしぎなまもり,Fushigina Mamori,Garde Mystik,Wunderwache,Magidifesa,Superguarda,불가사의 부적,Bulgasayi Bujeok,神奇守護 / 神奇守护,Shénqí Shǒuhù / Sàhnkèih Sáuwuh
26,Levitate,"By floating in the air, the Pokémon receives full immunity to all Ground-type moves.",3,31,2,0,ふゆう,Fuyū,Lévitation,Schwebe,Levitazione,Levitación,부유,Buyu,飄浮 / 飘浮,Piāofú / Pīufàuh
27,Effect Spore,"Contact with the Pokémon may inflict poison, sleep, or paralysis on its attacker.",3,2,6,1,ほうし,Hōshi,Pose Spore,Sporenwirt,Spargispora,Efecto Espora*,포자,Poja,孢子,Bāozǐ / Bāaují
28,Synchronize,"The attacker will receive the same status condition if it inflicts a burn, poison, or paralysis to the Pokémon.",3,3,12,0,シンクロ,Shinkuro,Synchro,Synchro,Sincronismo,Sincronía,싱크로,Synchro,同步,Tóngbù / Tùhngbouh
29,Clear Body,Prevents other Pokémon's moves or Abilities from lowering the Pokémon's stats.,3,8,2,3,クリアボディ,Kuria Bodi,Corps Sain,Neutraltorso,Corpochiaro,Cuerpo Puro,클리어 바디,Clear Body,恆淨之軀 / 恒净之躯,Héngjìng-zhī Qū / Hàhngjihng-jī Kēui
30,Natural Cure,All status conditions heal when the Pokémon switches out.,3,4,11,1,しぜんかいふく,Shizen Kaifuku,Médic Nature,Innere Kraft,Alternacura,Cura Natural,자연회복,Jayeon Hoebok,自然回復 / 自然回复,Zìrán Huífù / Jihyìhn Wùihfuhk
31,Lightning Rod,"The Pokémon draws in all Electric-type moves. Instead of being hit by Electric-type moves, it boosts its Sp. Atk.",3,1,11,6,ひらいしん,Hiraishin,Paratonnerre,Blitzfänger,Parafulmine,Pararrayos,피뢰침,Piroechim,避雷針 / 避雷针,Bìléizhēn / Beihlèuihjām
32,Serene Grace,Boosts the likelihood of additional effects occurring when attacking.,3,3,7,2,てんのめぐみ,Ten no Megumi,Sérénité,Edelmut,Leggiadro,Dicha,하늘의 은총,Haneul-yi Eunchong,天恩,Tiān'ēn / Tīnyān
33,Swift Swim,Boosts the Pokémon's Speed stat in rain.,3,8,21,10,すいすい,Suisui,Glissade,Wassertempo,Nuotovelox,Nado Rápido,쓱쓱,Sseuksseuk,悠游自如,Yōuyóu Zìrú / Yàuhyàuh Jihyùh
34,Chlorophyll,Boosts the Pokémon's Speed stat in sunshine.,3,10,19,6,ようりょくそ,Yōryokuso,Chlorophylle*,Chlorophyll,Clorofilla,Clorofila,엽록소,Yeoprokso,葉綠素 / 叶绿素,Yèlǜsù / Yihpluhksou
35,Illuminate,Raises the likelihood of meeting wild Pokémon by illuminating the surroundings.,3,0,8,0,はっこう,Hakkō,Lumiattirance,Erleuchtung,Risplendi,Iluminación,발광,Balgwang,發光 / 发光,Fāguāng / Faatgwōng
36,Trace,"When it enters a battle, the Pokémon copies an opposing Pokémon's Ability.",3,1,5,0,トレース,Torēsu,Calque,Fährte,Traccia,Rastro,트레이스,Trace,複製 / 复制,Fùzhì / Fūkjai
37,Huge Power,Doubles the Pokémon's Attack stat.,3,1,3,2,ちからもち,Chikara Mochi,Coloforce,Kraftkoloss,Macroforza,Potencia,천하장사,Cheonhajangsa,大力士,Dà Lìshì / Daaih Lihksih
38,Poison Point,Contact with the Pokémon may poison the attacker.,3,0,16,0,どくのトゲ,Doku no Toge,Point Poison,Giftdorn,Velenopunto,Punto Tóxico,독가시,Dokgasi,毒刺,Dúcì / Duhkchi
39,Inner Focus,"The Pokémon's intensely focused, and that protects the Pokémon from flinching.",3,5,17,11,せいしんりょく,Seishinryoku,Attention,Konzentrator,Forza Interiore*,Foco Interno,정신력,Jeongsinryeok,精神力,Jīngshén Lì / Jīngsàhn Lihk
40,Magma Armor,"The Pokémon is covered with hot magma, which prevents the Pokémon from becoming frozen.",3,0,3,0,マグマのよろい,Magma no Yoroi,Armumagma,Magmapanzer,Magmascudo,Escudo Magma,마그마의 무장,Magma-yi Mujang,熔岩鎧甲 / 熔岩铠甲,Róngyán Kǎijiǎ / Yùhngngàahm Hóigaap
41,Water Veil,"The Pokémon is covered with a water veil, which prevents the Pokémon from getting a burn.",3,0,4,7,みずのベール,Mizu no Bēru,Ignifu-Voile,Aquahülle,Idrovelo,Velo Agua,수의 베일,Su-yi Veil,水幕,Shuǐ Mù / Séui Mohk
42,Magnet Pull,Prevents Steel-type Pokémon from escaping using its magnetic force.,3,0,8,0,じりょく,Jiryoku,Magnépiège,Magnetfalle,Magnetismo,Imán,자력,Jiryeok,磁力,Cílì / Chìhlihk
43,Soundproof,Soundproofing of the Pokémon itself gives full immunity to all sound-based moves.,3,3,7,5,ぼうおん,Bō'on,Anti-Bruit,Lärmschutz,Antisuono,Insonorizar,방음,Bang'eum,隔音,Géyīn / Gaakyām
44,Rain Dish,The Pokémon gradually regains HP in rain.,3,0,3,10,あめうけざら,Ame Ukezara,Cuvette,Regengenuss,Copripioggia,Cura Lluvia,젖은접시,Jeoj'eun Jeopsi,雨盤 / 雨盘,Yǔ Pán / Yúh Pùhn
45,Sand Stream,The Pokémon summons a sandstorm when it enters a battle.,3,4,1,0,すなおこし,Suna Okoshi,Sable Volant,Sandsturm,Sabbiafiume,Chorro Arena,모래날림,Morae Nallim,揚沙 / 扬沙,Yáng Shā / Yèuhng Sā
46,Pressure,"By putting pressure on the opposing Pokémon, it raises their PP usage.",3,19,2,4,プレッシャー,Puresshā,Pression,Erzwinger,Pressione,Presión,프레셔,Pressure,壓迫感 / 压迫感,Yāpò Gǎn / Aatbīk Gám
47,Thick Fat,"The Pokémon is protected by a layer of thick fat, which halves the damage taken from Fire- and Ice-type moves.",3,1,16,7,あついしぼう,Atsui Shibō,Isograisse,Speckschicht,Grassospesso,Sebo,두꺼운 지방,Dukkeoun Jibang,厚脂肪,Hòu Zhīfáng / Háuh Jīfōng
48,Early Bird,The Pokémon awakens twice as fast as other Pokémon from sleep.,3,0,13,2,はやおき,Hayaoki,Matinal,Frühwecker,Sveglialampo,Madrugar,일찍 기상,Iljjik Gisang,早起,Zǎoqǐ / Jóuhéi
49,Flame Body,Contact with the Pokémon may burn the attacker.,3,7,5,4,ほのおのからだ,Honō no Karada,Corps Ardent,Flammkörper,Corpodifuoco,Cuerpo Llama,불꽃몸,Bulkkot Mom,火焰之軀 / 火焰之躯,Huǒyàn-zhī Qū / Fóyihm-jī Kēui
50,Run Away,Enables a sure getaway from wild Pokémon.,3,0,16,8,にげあし,Nige Ashi,Fuite,Angsthase,Fugafacile,Fuga,도주,Doju,逃跑,Táopǎo / Tòuhpáau
51,Keen Eye,Keen eyes prevent other Pokémon from lowering this Pokémon's accuracy.,3,3,30,5,するどいめ,Surudoi Me,Regard Vif,Adlerauge,Sguardofermo,Vista Lince,날카로운 눈,Nalkaroun Nun,銳利目光 / 锐利目光,Ruìlì Mùguāng / Yeuihleih Muhkgwōng
52,Hyper Cutter,The Pokémon's proud of its powerful pincers. They prevent other Pokémon from lowering its Attack stat.,3,0,11,0,かいりきバサミ,Kairiki Basami,Hyper Cutter,Scherenmacht,Ipertaglio,Corte Fuerte,괴력집게,Goeryeok Jipge,怪力鉗 / 怪力钳,Guàilì Qián / Gwaailihk Kìhm
53,Pickup,"The Pokémon may pick up the item an opposing Pokémon used during a battle. It may pick up items outside of battle, too.",3,1,15,2,ものひろい,Mono Hiroi,Ramassage,Mitnahme,Raccolta,Recogida,픽업,Pick-Up,撿拾 / 捡拾,Jiǎnshí / Gímsahp
54,Truant,The Pokémon can't use a move the following turn if it uses one.,3,2,0,1,なまけ,Namake,Absentéisme,Schnarchnase,Pigrone,Ausente,게으름,Geeureum,懶惰 / 懒惰,Lǎnduò / Láahndoh
55,Hustle,"Boosts the Attack stat, but lowers accuracy.",3,3,9,8,はりきり,Harikiri,Agitation,Übereifer,Tuttafretta,Entusiasmo,의욕,Yiyok,活力,Huólì / Wuhtlihk
56,Cute Charm,Contact with the Pokémon may cause infatuation.,3,1,11,2,メロメロボディ,Meromero Bodi,Joli Sourire,Charmebolzen,Incantevole,Gran Encanto,헤롱헤롱 바디,Herongherong Body,迷人之軀 / 迷人之躯,Mírén-zhī Qū / Màihyàhn-jī Kēui
57,Plus,Boosts the Sp. Atk stat of the Pokémon if an ally with the Plus or Minus Ability is also in battle.,3,1,3,4,プラス,Purasu,Plus,Plus,Più,Más,플러스,Plus,正電 / 正电,Zhèngdiàn / Jingdihn
58,Minus,Boosts the Sp. Atk stat of the Pokémon if an ally with the Plus or Minus Ability is also in battle.,3,1,3,2,マイナス,Mainasu,Minus,Minus,Meno,Menos,마이너스,Minus,負電 / 负电,Fùdiàn / Fuhdihn
59,Forecast,"The Pokémon transforms with the weather to change its type to Water, Fire, or Ice.",3,1,0,0,てんきや,Tenkiya,Météo,Prognose,Previsioni,Predicción,기분파,Gibunpa,陰晴不定 / 阴晴不定,Yīnqíng Bùdìng / Yāmchìhng Bātdihng
60,Sticky Hold,Items held by the Pokémon are stuck fast and cannot be removed by other Pokémon.,3,0,8,0,ねんちゃく,Nenchaku,Glue,Wertehalter,Antifurto,Viscosidad,점착,Jeomchak,黏著 / 黏着,Niánzhuó / Nìhmjeuhk
61,Shed Skin,The Pokémon may heal its own status conditions by shedding its skin.,3,11,5,0,だっぴ,Dappi,Mue,Expidermis,Muta,Mudar,탈피,Talpi,蛻皮 / 蜕皮,Tuìpí / Teuipèih
62,Guts,It's so gutsy that having a status condition boosts the Pokémon's Attack stat.,3,3,14,4,こんじょう,Konjō,Cran,Adrenalin,Dentistretti,Agallas,근성,Geunseong,毅力,Yìlì / Ngaihlihk
63,Marvel Scale,The Pokémon's marvelous scales boost the Defense stat if it has a status condition.,3,0,1,2,ふしぎなうろこ,Fushigi na Uroko,Écaille Spéciale*,Notschutz,Pelledura,Escama Especial*,이상한 비늘,Isanghan Bineul,神奇鱗片 / 神奇鳞片,Shénqí Línpiàn / Sàhnkèih Lèuhnpin
64,Liquid Ooze,"Oozed liquid has strong stench, which damages attackers using any draining move.",3,0,4,0,ヘドロえき,Hedoro Eki,Suintement,Kloakensoße,Melma,Lodo Líquido,해감액,Haegam Aek,污泥漿 / 污泥浆,Wūní Jiāng / Wūnàih Jēung
65,Overgrow,Powers up Grass-type moves when the Pokémon's HP is low.,3,21,0,2,しんりょく,Shinryoku,Engrais,Notdünger,Erbaiuto,Espesura,심록,Simrok,茂盛,Màoshèng / Mauhsihng
66,Blaze,Powers up Fire-type moves when the Pokémon's HP is low.,3,21,0,2,もうか,Mōka,Brasier,Großbrand,Aiutofuoco,Mar Llamas,맹화,Menghwa,猛火,Měnghuǒ / Máahngfó
67,Torrent,Powers up Water-type moves when the Pokémon's HP is low.,3,21,0,2,げきりゅう,Gekiryū,Torrent,Sturzbach,Acquaiuto,Torrente,급류,Geupryu,激流,Jīliú / Gīklàuh
68,Swarm,Powers up Bug-type moves when the Pokémon's HP is low.,3,5,16,4,むしのしらせ,Mushi no Shirase,Essaim,Hexaplaga,Aiutinsetto,Enjambre,벌레의 알림,Beolle-yi Allim,蟲之預感 / 虫之预感,Chóng-zhī Yùgǎn / Chùhng-jī Yuhgám
69,Rock Head,Protects the Pokémon from recoil damage.,3,2,17,2,いしあたま,Ishi Atama,Tête de Roc,Steinhaupt,Testadura,Cabeza Roca,돌머리,Dol Meori,堅硬腦袋 / 坚硬脑袋,Jiānyìng Nǎodai / Gīnngaahng Nóuhdói
70,Drought,Turns the sunlight harsh when the Pokémon enters a battle.,3,2,1,2,ひでり,Hideri,Sécheresse,Dürre,Siccità,Sequía,가뭄,Gamum,日照,Rìzhào / Yahtjiu
71,Arena Trap,Prevents opposing Pokémon from fleeing.,3,0,3,0,ありじごく,Ariji Goku,Piège Sable*,Ausweglos,Trappoarena,Trampa Arena,개미지옥,Gaemi Jiok,沙穴,Shāxué / Sāyuht
72,Vital Spirit,"The Pokémon is full of vitality, and that prevents it from falling asleep.",3,1,6,7,やるき,Yaruki,Esprit Vital,Munterkeit,Spiritovivo,Espíritu Vital*,의기양양,Yigiyang'yang,幹勁 / 干劲,Gànjìng / Gongihng
73,White Smoke,"The Pokémon is protected by its white smoke, which prevents other Pokémon from lowering its stats.",3,0,1,1,しろいけむり,Shiroi Kemuri,Écran Fumée,Pulverrauch,Fumochiaro,Humo Blanco,하얀연기,Hayan Yeongi,白色煙霧 / 白色烟雾,Báisè Yānwù / Baahksīk Yīnmouh
74,Pure Power,"Using its pure power, the Pokémon doubles its Attack stat.",3,2,0,0,ヨガパワー,Yoga Pawā,Force Pure,Mentalkraft,Forzapura,Energía pura,순수한힘,Sunsuhan Him,瑜伽之力,Yújiā-zhī Lì / Yùhgā-jī Lihk
75,Shell Armor,A hard shell protects the Pokémon from critical hits.,3,3,13,7,シェルアーマー,Sheru Āmā,Coque Armure,Panzerhaut,Guscioscudo,Caparazón,조가비 갑옷,Jogabi Gab'ot,硬殼盔甲 / 硬壳盔甲,Yìngké Kuījiǎ / Ngaahnghok Kwāigaap
76,Air Lock,Eliminates the effects of weather.,3,1,0,0,エアロック,Ea Rokku,Air Lock,Klimaschutz,Riparo,Bucle Aire,에어록,Air-Lock,氣閘 / 气闸,Qì Zhá / Hei Jaahp
77,Tangled Feet,Raises evasion if the Pokémon is confused.,4,0,5,2,ちどりあし,Chidori Ashi,Pieds Confus,Fußangel,Intricopiedi,Tumbos,갈지자걸음,Galjija Geor'eum,蹣跚 / 蹒跚,Pánshān / Pùhnsāan
78,Motor Drive,"Boosts its Speed stat if hit by an Electric-type move, instead of taking damage.",4,1,2,1,でんきエンジン,Denki Engine,Motorisé,Starthilfe,Elettrorapid,Electromotor,전기엔진,Jeongi Engine,電氣引擎 / 电气引擎,Diànqì Yǐnqíng / Dihnhei Yáhnkìhng
79,Rivalry,"Becomes competitive and deals more damage to Pokémon of the same gender, but deals less to Pokémon of the opposite gender.",4,0,14,4,とうそうしん,Tōsōshin,Rivalité,Rivalität,Antagonismo,Rivalidad,투쟁심,Tujaengsim,鬥爭心 / 斗争心,Dòuzhēng Xīn / Daujāng Sām
80,Steadfast,The Pokémon's determination boosts the Speed stat each time the Pokémon flinches.,4,2,3,7,ふくつのこころ,Fukutsu no Kokoro,Impassible,Felsenfest,Cuordeciso,Impasible,불굴의 마음,Bulgul-yi Ma'eum,不屈之心,Bùqū-zhī Xīn / Bātwāt-jī Sām
81,Snow Cloak,Boosts evasion in a hailstorm.,4,6,7,1,ゆきがくれ,Yukigakure,Rideau Neige,Schneemantel,Mantelneve,Manto Níveo,눈숨기,Nun Sumgi,雪隱 / 雪隐,Xuěyǐn / Syutyán
82,Gluttony,"Makes the Pokémon eat a held Berry when its HP drops to half or less, which is sooner than usual.",4,6,8,9,くいしんぼう,Kuishinbō,Gloutonnerie,Völlerei,Voracità,Gula,먹보,Meokbo,貪吃鬼 / 贪吃鬼,Tānchīguǐ / Tāamhekgwái
83,Anger Point,"The Pokémon is angered when it takes a critical hit, and that maxes its Attack stat.",4,0,3,6,いかりのつぼ,Ikari no Tsubo,Colérique,Kurzschluss,Grancollera,Irascible,분노의 경혈,Bunno-yi Gyeonghyeol,憤怒穴位 / 愤怒穴位,Fènnù Xuèwèi / Fáhnnouh Yuhtwái
84,Unburden,Boosts the Speed stat if the Pokémon's held item is used or lost.,4,0,5,7,かるわざ,Karuwaza,Délestage,Entlastung,Agiltecnica,Liviano,곡예,Gok'ye,輕裝 / 轻装,Qīngzhuāng / Hīngjōng
85,Heatproof,The heatproof body of the Pokémon halves the damage from Fire-type moves that hit it.,4,0,2,0,たいねつ,Tainetsu,Ignifugé,Hitzeschutz,Antifuoco,Ignífugo,내열,Naeyeol,耐熱 / 耐热,Nàirè / Noihyiht
86,Simple,The stat changes the Pokémon receives are doubled.,4,0,3,2,たんじゅん,Tanjun,Simple,Wankelmut,Disinvoltura,Simple,단순,Dansun,單純 / 单纯,Dānchún / Dāansèuhn
87,Dry Skin,"Restores HP in rain or when hit by Water-type moves. Reduces HP in sunshine, and increases the damage received from Fire-type moves.",4,0,6,1,かんそうはだ,Kansō Hada,Peau Sèche,Trockenheit,Pellearsa,Piel Seca,건조피부,Geonjo Pibu,乾燥皮膚 / 干燥皮肤,Gānzào Pífū / Gōnchou Pèihfū
88,Download,Compares an opposing Pokémon's Defense and Sp. Def stats before raising its own Attack or Sp. Atk stat—whichever will be more effective.,4,1,3,0,ダウンロード,Download,Télécharge,Download,Download,Descarga,다운로드,Download,下載 / 下载,Xiàzài / Hahjoi
89,Iron Fist,Powers up punching moves.,4,0,7,7,てつのこぶし,Tetsu no Kobushi,Poing de Fer,Eisenfaust,Ferropugno,Puño Férreo,철주먹,Cheol Jumeok,鐵拳 / 铁拳,Tiěquán / Titkyùhn
90,Poison Heal,"Restores HP if the Pokémon is poisoned, instead of losing HP.",4,0,2,1,ポイズンヒール,Poison Heal,Soin Poison,Aufheber,Velencura,Antídoto,포이즌힐,Poison Heal,毒療 / 毒疗,Dúliáo / Duhklìuh
91,Adaptability,Powers up moves of the same type as the Pokémon.,4,2,4,7,てきおうりょく,Tekiō Ryoku,Adaptabilité,Anpassung,Adattabilità,Adaptable,적응력,Jeok'eungryeok,適應力 / 适应力,Shìyìng Lì / Sīkying Lihk
92,Skill Link,Maximizes the number of times multi-strike moves hit.,4,1,5,4,スキルリンク,Skill Link,Multi-Coups,Wertelink,Abillegame,Encadenado,스킬링크,Skill Link,連續攻擊 / 连续攻击,Liánxù Gōngjí / Lìhnjuhk Gūnggīk
93,Hydration,Heals status conditions if it's raining.,4,2,11,9,うるおいボディ,Uruoi Body,Hydratation,Hydration,Idratazione,Hidratación,촉촉바디,Chokchok Body,濕潤之軀 / 湿润之躯,Shīrùn-zhī Qū / Sāpyeuhn-jī Kēui
94,Solar Power,"Boosts the Sp. Atk stat in sunny weather, but HP decreases every turn.",4,1,3,5,サンパワー,Sun Power,Force Soleil,Solarkraft,Solarpotere,Poder Solar,선파워,Sun Power,太陽之力 / 太阳之力,Tàiyáng-zhī Lì / Taaiyèuhng-jī Lihk
95,Quick Feet,Boosts the Speed stat if the Pokémon has a status condition.,4,0,5,4,はやあし,Haya'ashi,Pied Véloce,Rasanz,Piedisvelti,Pies Rápidos,속보,Sokbo,飛毛腿 / 飞毛腿,Fēimáotuǐ / Fēimòuhtéui
96,Normalize,All the Pokémon's moves become Normal type. The power of those moves is boosted a little.,4,0,2,0,ノーマルスキン,Normal Skin,Normalise,Regulierung,Normalità,Normalidad,노말스킨,Normal Skin,一般皮膚 / 一般皮肤,Yībān Pífū / Yātbūn Pèihfū
97,Sniper,Powers up moves if they become critical hits when attacking.,4,0,9,5,スナイパー,Sniper,Sniper,Superschütze,Cecchino,Francotirador*,스나이퍼,Sniper,狙擊手 / 狙击手,Jūjíshǒu / Jēuigīksáu
98,Magic Guard,The Pokémon only takes damage from attacks.,4,0,7,3,マジックガード,Magic Guard,Garde Magik,Magieschild,Magicscudo,Muro Mágico,매직가드,Magic Guard,魔法防守,Mófǎ Fángshǒu / Mōfaat Fòhngsáu
99,No Guard,The Pokémon employs no-guard tactics to ensure incoming and outgoing attacks always land.,4,3,3,4,ノーガード,No Guard,Annule Garde,Schildlos,Nullodifesa,Indefenso,노가드,No Guard,無防守 / 无防守,Wú Fángshǒu / Mòuh Fòhngsáu
100,Stall,The Pokémon moves after all other Pokémon do.,4,0,1,0,あとだし,Atodashi,Frein,Zeitspiel,Rallentatore,Rezagado,시간벌기,Sigan Beolgi,慢出,Mànchū / Maahnchēut
101,Technician,Powers up the Pokémon's weaker moves.,4,2,11,5,テクニシャン,Technician,Technicien,Techniker,Tecnico,Experto,테크니션,Technician,技術高手 / 技术高手,Jìshù Gāoshǒu / Geihseuht Gōusáu
102,Leaf Guard,Prevents status conditions in sunny weather.,4,3,9,7,リーフガード,Leaf Guard,Feuille Garde*,Floraschild,Fogliamanto,Defensa Hoja,리프가드,Leaf Guard,葉子防守 / 叶子防守,Yèzi Fángshǒu / Yihpjí Fòhngsáu
103,Klutz,The Pokémon can't use any held items.,4,0,8,1,ぶきよう,Bukiyō,Maladresse,Tollpatsch,Impaccio,Zoquete,서투름,Seotureum,笨拙,Bènzhuó / Bahnjyut
104,Mold Breaker,Moves can be used on the target regardless of its Abilities.,4,4,6,8,かたやぶり,Katayaburi,Brise Moule,Überbrückung,Rompiforma,Rompemoldes,틀깨기,Teulkkaegi,破格,Pògé / Pogaak
105,Super Luck,The Pokémon is so lucky that the critical-hit ratios of its moves are boosted.,4,0,6,3,きょううん,Kyōun,Chanceux,Glückspilz,Supersorte,Afortunado,대운,Dae'un,超幸運 / 超幸运,Chāo Xìngyùn / Chīu Hahngwahn
106,Aftermath,Damages the attacker if it contacts the Pokémon with a finishing hit.,4,0,4,4,ゆうばく,Yūbaku,Boom Final,Finalschlag,Scoppio,Resquicio,유폭,Yupok,引爆,Yǐnbào / Yáhnbaau
107,Anticipation,The Pokémon can sense an opposing Pokémon's dangerous moves.,4,1,4,2,きけんよち,Kiken Yochi,Anticipation,Vorahnung,Presagio,Anticipación,위험예지,Wiheom Yeji,危險預知 / 危险预知,Wéixiǎn Yùzhī / Ngàihhím Yuhjī
108,Forewarn,"When it enters a battle, the Pokémon can tell one of the moves an opposing Pokémon has.",4,0,6,0,よちむ,Yochimu,Prédiction,Vorwarnung,Premonizione,Alerta,예지몽,Yejimong,預知夢 / 预知梦,Yùzhī Mèng / Yuhjī Muhng
109,Unaware,"When attacking, the Pokémon ignores the target Pokémon's stat changes.",4,1,4,4,てんねん,Tennen,Inconscient,Unkenntnis,Imprudenza,Ignorante,천진,Cheonjin,純樸 / 纯朴,Chúnpǔ / Sèuhnpok
110,Tinted Lens,"The Pokémon can use ""not very effective"" moves to deal regular damage.",4,0,4,5,いろめがね,Iromegane,Lentiteintée,Aufwertung,Lentifumé,Cromolente,색안경,Saek'angyeong,有色眼鏡 / 有色眼镜,Yǒusè Yǎnjìng / Yáuhsīk Ngáahngéng
111,Filter,Reduces the power of supereffective attacks taken.,4,1,2,0,フィルター,Filter,Filtre,Filter,Filtro,Filtro,필터,Filter,過濾 / 过滤,Guòlǜ / Gwoleuih
112,Slow Start,"For five turns, the Pokémon's Attack and Speed stats are halved.",4,1,0,0,スロースタート,Slow Start,Début Calme,Saumselig,Lentoinizio,Inicio Lento,슬로스타트,Slow Start,慢啟動 / 慢启动,Màn Qǐdòng / Maahn Káiduhng
113,Scrappy,The Pokémon can hit Ghost-type Pokémon with Normal- and Fighting-type moves.,4,1,2,8,きもったま,Kimottama,Querelleur,Rauflust,Nervisaldi,Intrépido,배짱,Baejjang,膽量 / 胆量,Dǎnliàng / Dáamleuhng
114,Storm Drain,"Draws in all Water-type moves. Instead of being hit by Water-type moves, it boosts its Sp. Atk.",4,0,4,3,よびみず,Yobimizu,Lavabo,Sturmsog,Acquascolo,Colector,마중물,Majungmul,引水,Yǐnshuǐ / Yáhnséui
115,Ice Body,The Pokémon gradually regains HP in a hailstorm.,4,0,10,4,アイスボディ,Ice Body,Corps Gel,Eishaut,Corpogelo,Gélido,아이스바디,Ice Body,冰凍之軀 / 冰冻之躯,Bīngdòng-zhī Qū / Bīngdung-jī Kēui
116,Solid Rock,Reduces the power of supereffective attacks taken.,4,0,4,0,ハードロック,Hard Rock,Solide Roc,Felskern,Solidroccia,Roca Sólida,하드록,Hard Rock,堅硬岩石 / 坚硬岩石,Jiānyìng Yánshí / Gīnngaahng Ngàahmsehk
117,Snow Warning,The Pokémon summons a hailstorm when it enters a battle.,4,2,1,4,ゆきふらし,Yuki Furashi,Alerte Neige,Hagelalarm,Scendineve,Nevada,눈퍼뜨리기,Nun Peotteurigi,降雪,Jiàngxuě / Gongsyut
118,Honey Gather,The Pokémon may gather Honey after a battle.,4,1,2,1,みつあつめ,Mitsu Atsume,Cherche Miel,Honigmaul,Mielincetta,Recogemiel,꿀모으기,Kkul Moeugi,採蜜 / 采蜜,Cǎimì / Chóimaht
119,Frisk,"When it enters a battle, the Pokémon can check an opposing Pokémon's held item.",4,1,12,8,おみとおし,Omitooshi,Fouille,Schnüffler,Indagine,Cacheo,통찰,Tongchal,察覺 / 察觉,Chájué / Chaatgok
120,Reckless,Powers up moves that have recoil damage.,4,0,3,9,すてみ,Sutemi,Téméraire,Achtlos,Temerarietà,Audaz,이판사판,Ipansapan,捨身 / 舍身,Shěshēn / Sésān
121,Multitype,Changes the Pokémon's type to match the Plate or Z-Crystal it holds.,4,1,0,0,マルチタイプ,Multitype,Multitype,Variabilität,Multitipo,Multitipo,멀티타입,Multi-Type,多屬性 / 多属性,Duō Shǔxìng / Dō Suhksing
122,Flower Gift,Boosts the Attack and Sp. Def stats of itself and allies when it is sunny.,4,1,0,0,フラワーギフト,Flower Gift,Don Floral,Pflanzengabe,Regalfiore,Don Floral,플라워기프트,Flower Gift,花之禮 / 花之礼,Huā-zhī Lǐ / Fā-jī Láih
123,Bad Dreams,Reduces the HP of sleeping opposing Pokémon.,4,1,0,0,ナイトメア,Nightmare,Mauvais Rêve,Alptraum,Sogniamari,Mal Sueño,나이트메어,Nightmare,夢魘 / 梦魇,Mèngyǎn / Muhngyím
124,Pickpocket,Steals an item from an attacker that made direct contact.,5,0,0,7,わるいてぐせ,Waruite Guse,Pickpocket,Langfinger,Arraffalesto,Hurto,나쁜손버릇,Nappeun Sonbeoreut,順手牽羊 / 顺手牵羊,Shùnshǒuqiānyáng / Seuhnsáuhīnyèuhng
125,Sheer Force,Removes additional effects to increase the power of moves when attacking.,5,2,6,18,ちからずく,Chikara Zuku,Sans Limite,Rohe Gewalt,Forzabruta,Potencia Bruta*,우격다짐,Ugyeokdajim,強行 / 强行,Qiángxíng / Kéuhnghàhng
126,Contrary,Makes stat changes have an opposite effect.,5,0,2,7,あまのじゃく,Ama no Jaku,Contestation,Umkehrung,Inversione,Respondón,심술꾸러기,Simsul Kkureogi,唱反調 / 唱反调,Chàngfǎndiào / Cheungfáandiuh
127,Unnerve,Unnerves opposing Pokémon and makes them unable to eat Berries.,5,0,4,16,きんちょうかん,Kinchōkan,Tension,Anspannung,Agitazione,Nerviosismo,긴장감,Ginjanggam,緊張感 / 紧张感,Jǐnzhāng Gǎn / Gánjēung Gám
128,Defiant,Boosts the Pokémon's Attack stat sharply when its stats are lowered.,5,0,2,11,まけんき,Makenki,Acharné,Siegeswille,Agonismo,Competitivo,오기,Ogi,不服輸 / 不服输,Bù Fúshū / Bāt Fuhksyū
129,Defeatist,Halves the Pokémon's Attack and Sp. Atk stats when its HP becomes half or less.,5,2,0,0,よわき,Yowaki,Défaitiste,Schwächling,Sconforto,Flaqueza,무기력,Mugiryeok,軟弱 / 软弱,Ruǎnruò / Yúhnyeuhk
130,Cursed Body,May disable a move used on the Pokémon.,5,1,3,3,のろわれボディ,Noroware Body,Corps Maudit,Tastfluch,Corpofunesto,Cuerpo Maldito*,저주받은바디,Jeojubad-eun Body,詛咒之軀 / 诅咒之躯,Zǔzhòu-zhī Qū / Jojau-jī Kēui
131,Healer,Sometimes heals an ally's status condition.,5,3,2,3,いやしのこころ,Iyashi no Kokoro,Cœur Soin,Heilherz,Curacuore,Alma Cura,치유의마음,Chiyu-yi Ma'eum,治癒之心 / 治愈之心,Zhìyù-zhī Xīn / Jihyuh-jī Sām
132,Friend Guard,Reduces damage done to allies.,5,0,0,8,フレンドガード,Friend Guard,Garde Amie,Freundeshut,Amicoscudo,Compiescolta,프렌드가드,Friend Guard,友情防守,Yǒuqíng Fángshǒu / Yáuhchìhng Fòhngsáu
133,Weak Armor,Physical attacks to the Pokémon lower its Defense stat but sharply raise its Speed stat.,5,0,3,15,くだけるよろい,Kudakeru Yoroi,Armurouillée,Bruchrüstung,Sottilguscio,Armadura Frágil*,깨어진갑옷,Kkaeeojin Gab'ot,碎裂鎧甲 / 碎裂铠甲,Suìliè Kǎijiǎ / Seuiliht Hóigaap
134,Heavy Metal,Doubles the Pokémon's weight.,5,0,0,5,ヘヴィメタル,Heavy Metal,Heavy Metal,Schwermetall,Metalpesante,Metal Pesado*,헤비메탈,Heavy Metal,重金屬 / 重金属,Zhòngjīnshǔ / Chúhnggāmsuhk
135,Light Metal,Halves the Pokémon's weight.,5,0,0,5,ライトメタル,Light Metal,Light Metal,Leichtmetall,Metalleggero,Metal Liviano*,라이트메탈,Light Metal,輕金屬 / 轻金属,Qīngjīnshǔ / Hīnggāmsuhk
136,Multiscale,Reduces the amount of damage the Pokémon takes when its HP is full.,5,0,0,2,マルチスケイル,Multiscale,Multiécaille,Multischuppe,Multisquame,Compensación,멀티스케일,Multiscale,多重鱗片 / 多重鳞片,Duōchóng Línpiàn / Dōchùhng Lèuhnpin
137,Toxic Boost,Powers up physical attacks when the Pokémon is poisoned.,5,0,0,1,どくぼうそう,Doku Bōsō,Rage Poison,Giftwahn,Velenimpeto,Ímpetu Tóxico*,독폭주,Dok Pokju,中毒激升,Zhòngdú Jīshēng / Jungduhk Gīksīng
138,Flare Boost,Powers up special attacks when the Pokémon is burned.,5,0,0,2,ねつぼうそう,Netsu Bōsō,Rage Brûlure,Hitzewahn,Bruciaimpeto,Ímpetu Ardiente*,열폭주,Yeol Pokju,受熱激升 / 受热激升,Shòurè Jīshēng / Sauhyiht Gīksīng
139,Harvest,May create another Berry after one is used.,5,0,0,6,しゅうかく,Shūkaku,Récolte,Reiche Ernte,Coglibacche,Cosecha,수확,Suhwak,收穫 / 收获,Shōuhuò / Sāuwohk
140,Telepathy,Anticipates an ally's attack and dodges it.,5,0,3,18,テレパシー,Telepathy,Télépathe,Telepathie,Telepatia,Telepatía,텔레파시,Telepathy,心靈感應 / 心灵感应,Xīnlínggǎnyìng / Sāmlìhnggámying
141,Moody,Raises one stat sharply and lowers another every turn.,5,0,0,7,ムラっけ,Murakke,Lunatique,Gefühlswippe,Altalena,Veleta,변덕쟁이,Byeondeokjaeng-i,心情不定,Xīnqíng Bùdìng / Sāmchìhng Bātdihng
142,Overcoat,"Protects the Pokémon from things like sand, hail, and powder.",5,0,5,15,ぼうじん,Bōjin,Envelocape,Wetterfest,Copricapo,Funda,방진,Bangjin,防塵 / 防尘,Fángchén / Fòhngchàhn
143,Poison Touch,May poison a target when the Pokémon makes contact.,5,0,5,4,どくしゅ,Dokushu,Toxitouche,Giftgriff,Velentocco,Toque Tóxico,독수,Doksu,毒手,Dúshǒu / Duhksáu
144,Regenerator,Restores a little HP when withdrawn from battle.,5,1,3,15,さいせいりょく,Saiseiryoku,Régé-Force,Belebekraft,Rigenergia,Regeneración,재생력,Jaesaengnyeok,再生力,Zàishēng Lì / Joisāng Lihk
145,Big Pecks,Protects the Pokémon from Defense-lowering effects.,5,1,7,4,はとむね,Hato Mune,Cœur de Coq,Brustbieter,Pettinfuori,Sacapecho,부풀린가슴,Bupullin Gaseum,健壯胸肌 / 健壮胸肌,Jiànzhuàng Xiōngjī / Gihnjong Hūnggēi
146,Sand Rush,Boosts the Pokémon's Speed stat in a sandstorm.,5,0,5,2,すなかき,Sunakaki,Baigne Sable,Sandscharrer,Remasabbia,Ímpetu Arena,모래헤치기,Morae Hechigi,撥沙 / 拨沙,Bōshā / Buhtsā
147,Wonder Skin,Makes status moves more likely to miss.,5,0,1,4,ミラクルスキン,Miracle Skin,Peau Miracle,Wunderhaut,Splendicute,Piel Milagro,미라클스킨,Miracle Skin,奇跡皮膚 / 奇迹皮肤,Qíjī Pífū / Kèihjīk Pèihfū
148,Analytic,Boosts move power when the Pokémon moves last.,5,0,0,12,アナライズ,Analyze,Analyste,Analyse,Ponderazione,Cálculo Final*,애널라이즈,Analyze,分析,Fēnxī / Fānsīk
149,Illusion,Comes out disguised as the Pokémon in the party's last spot.,5,2,0,0,イリュージョン,Illusion,Illusion,Trugbild,Illusione,Ilusión,일루전,Illusion,幻覺 / 幻觉,Huànjué / Waahngok
150,Imposter,The Pokémon transforms itself into the Pokémon it's facing.,5,0,0,1,かわりもの,Kawari Mono,Imposteur,Doppelgänger,Sosia,Impostor,괴짜,Goejja,變身者 / 变身者,Biànshēn Zhě / Binsān Jé
151,Infiltrator,"Passes through the opposing Pokémon's barrier, substitute, and the like and strikes.",5,0,7,14,すりぬけ,Surinuke,Infiltration,Schwebedurch,Intrapasso,Allanamiento,틈새포착,Tuemsae Pochag,穿透,Chuāntòu / Chyūntau
152,Mummy,Contact with the Pokémon changes the attacker's Ability to Mummy.,5,2,0,0,ミイラ,Mīra,Momie,Mumie,Mummia,Momia,미라,Mira,木乃伊,Mùnǎiyī / Muhknáaihyī
153,Moxie,"The Pokémon shows moxie, and that boosts the Attack stat after knocking out any Pokémon.",5,0,5,8,じしんかじょう,Jishin Kajō,Impudence,Hochmut,Arroganza,Autoestima,자기과신,Jagigwashin,自信過度 / 自信过度,Zìxìn Guòdù / Jihseun Gwodouh
154,Justified,"Being hit by a Dark-type move boosts the Attack stat of the Pokémon, for justice.",5,4,0,5,せいぎのこころ,Seigi no Kokoro,Cœur Noble,Redlichkeit,Giustizia,Justiciero,정의의마음,Jeong'ui-yi Ma'eum,正義之心 / 正义之心,Zhèngyì-zhī Xīn / Jingyih-jī Sām
155,Rattled,"Dark-, Ghost-, and Bug-type moves scare the Pokémon and boost its Speed stat.",5,0,0,13,びびり,Bibiri,Phobique,Hasenfuß,Paura,Cobardía,주눅,Junuk,膽怯 / 胆怯,Dǎnqiè / Dáamhip
156,Magic Bounce,"Reflects status moves, instead of getting hit by them.",5,3,0,3,マジックミラー,Magic Mirror,Miroir Magik,Magiespiegel,Magispecchio,Espejo Mágico*,매직미러,Magic Mirror,魔法鏡 / 魔法镜,Mófǎ Jìng / Mōfaat Geng
157,Sap Sipper,"Boosts the Attack stat if hit by a Grass-type move, instead of taking damage.",5,2,7,8,そうしょく,Sōshoku,Herbivore,Vegetarier,Mangiaerba,Herbívoro,초식,Chosik,食草,Shícǎo / Sihkchóu
158,Prankster,Gives priority to a status move.,5,4,2,8,いたずらごころ,Itazura-gokoro,Farceur,Strolch,Burla,Bromista,짓궂은마음,Jitguch-eun Ma'eum,惡作劇之心 / 恶作剧之心,Èzuòjù-zhī Xīn / Okjokkehk-jī Sām
159,Sand Force,"Boosts the power of Rock-, Ground-, and Steel-type moves in a sandstorm.",5,3,2,13,すなのちから,Suna no Chikara,Force Sable,Sandgewalt,Silicoforza,Poder Arena,모래의힘,Morae-yi Him,沙之力,Shā-zhī Lì / Sā-jī Lihk
160,Iron Barbs,Inflicts damage to the attacker on contact with iron barbs.,5,2,1,0,てつのトゲ,Tetsu no Toge,Épine de Fer,Eisenstachel,Spineferrate,Punta Acero,철가시,Cheol Gasi,鐵刺 / 铁刺,Tiěcì / Titchi
161,Zen Mode,Changes the Pokémon's shape when HP is half or less.,5,0,0,1,ダルマモード,Daruma Mode,Mode Transe,Trance-Modus,Stato Zen,Modo Daruma,달마모드,Dalma Mode,達摩模式 / 达摩模式,Dámó Móshì / Daahtmō Mòuhsīk
162,Victory Star,Boosts the accuracy of its allies and itself.,5,1,0,0,しょうりのほし,Shōri no Hoshi,Victorieux,Triumphstern,Vittorstella,Tinovictoria,승리의별,Seungni-yi Beol,勝利之星 / 胜利之星,Shènglì-zhī Xīng / Singleih-jī Sīng
163,Turboblaze,Moves can be used on the target regardless of its Abilities.,5,2,0,0,ターボブレイズ,Turboblaze,TurboBrasier,Turbobrand,Piroturbina,Turbollama,터보블레이즈,Turboblaze,渦輪火焰 / 涡轮火焰,Wōlún Huǒyàn / Wōlèuhn Fóyihm
164,Teravolt,Moves can be used on the target regardless of its Abilities.,5,2,0,0,テラボルテージ,Teravoltage,Téra-Voltage,Teravolt,Teravolt,Terravoltaje,테라볼티지,Teravoltage,兆級電壓 / 兆级电压,Zhàojí Diànyā / Siuhkāp Dihnaat
165,Aroma Veil,Protects itself and its allies from attacks that limit their move choices.,6,0,0,2,アロマベール,Aroma Veil,Aroma-Voile,Dufthülle,Aromavelo,Velo Aroma,아로마베일,Aroma Veil,芳香幕,Fāngxiāng Mù / Fōnghēung Mohk
166,Flower Veil,Ally Grass-type Pokémon are protected from status conditions and the lowering of their stats.,6,3,1,0,フラワーベール,Flower Veil,Flora-Voile,Blütenhülle,Fiorvelo,Velo Flor,플라워베일,Flower Veil,花幕,Huāmù / Fāmohk
167,Cheek Pouch,Restores HP as well when the Pokémon eats a Berry.,6,0,3,0,ほおぶくろ,Hō Bukuro,Bajoues,Backentaschen,Guancegonfie,Carrillo,볼주머니,Boljumeoni,頰囊 / 颊囊,Jiánáng / Gaapnòhng
168,Protean,Changes the Pokémon's type to the type of the move it's about to use.,6,0,0,4,へんげんじざい,Hengen Jizai,Protéen,Wandlungskunst,Mutatipo,Mutatipo,변환자재,Byeonhwan Jajae,變幻自如 / 变幻自如,Biànhuàn Zìrú / Binwaahn Jihyùh
169,Fur Coat,Halves the damage from physical moves.,6,1,1,0,ファーコート,Fur Coat,Toison Épaisse,Fellkleid,Foltopelo,Pelaje Recio,퍼코트,Fur Coat,毛皮大衣,Máopí Dàyī / Mòuhpèih Daaihyī
170,Magician,The Pokémon steals the held item of a Pokémon it hits with a move.,6,1,0,4,マジシャン,Magician,Magicien,Zauberer,Prestigiatore,Prestidigitador,매지션,Magician,魔術師 / 魔术师,Móshùshī / Mōseuhtsī
171,Bulletproof,Protects the Pokémon from some ball and bomb moves.,6,0,3,3,ぼうだん,Bōdan,Pare-Balles,Kugelsicher,Antiproiettile,Antibalas,방탄,Bangtan,防彈 / 防弹,Fángdàn / Fòhngdáan
172,Competitive,Boosts the Sp. Atk stat sharply when a stat is lowered.,6,0,7,1,かちき,Kachiki,Battant,Unbeugsamkeit,Tenacia,Tenacidad,승기,Seunggi,好勝 / 好胜,Hàoshèng / Housing
173,Strong Jaw,The Pokémon's strong jaw boosts the power of its biting moves.,6,3,3,0,がんじょうあご,Ganjō Ago,Prognathe,Titankiefer,Ferromascella,Mandíbula Fuerte,옹골찬턱,Onggolchanteok,強壯之顎 / 强壮之颚,Qiángzhuàng-zhī È / Kèuhngjong-jī Ngohk
174,Refrigerate,Normal-type moves become Ice-type moves. The power of those moves is boosted a little.,6,3,0,0,フリーズスキン,Freeze Skin,Peau Gelée,Frostschicht,Pellegelo,Piel Helada,프리즈스킨,Freeze Skin,冰凍皮膚 / 冰冻皮肤,Bīngdòng Pífū / Bīngdung Pèihfū
175,Sweet Veil,Prevents itself and ally Pokémon from falling asleep.,6,2,0,5,スイートベール,Sweet Veil,Gluco-Voile,Zuckerhülle,Dolcevelo,Velo Dulce,스위트베일,Sweet Veil,甜幕,Tiánmù / Tìhmmohk
176,Stance Change,"The Pokémon changes its form to Blade Forme when it uses an attack move, and changes to Shield Forme when it uses King's Shield.",6,1,0,0,バトルスイッチ,Battle Switch,Déclic Tactique,Taktikwechsel,Accendilotta,Cambio Táctico,배틀스위치,Battle Switch,戰鬥切換 / 战斗切换,Zhàndòu Qiēhuàn / Jindau Chitwuhn
177,Gale Wings,Gives priority to Flying-type moves when the Pokémon's HP is full.,6,0,0,3,はやてのつばさ,Hayate no Tsubasa,Ailes Bourrasque,Orkanschwingen,Aliraffica,Alas Vendaval,질풍날개,Jilpung Nalgae,疾風之翼 / 疾风之翼,Jífēng-zhī Yì / Jahtfūng-jī Yihk
178,Mega Launcher,Powers up aura and pulse moves.,6,3,0,0,メガランチャー,Mega Launcher,Méga Blaster,Megawumme,Megalancio,Megadisparador,메가런처,Mega Launcher,超級發射器 / 超级发射器,Chāojí Fāshèqì / Chīukāp Faatsehhei
179,Grass Pelt,Boosts the Pokémon's Defense stat in Grassy Terrain.,6,0,0,2,くさのけがわ,Grass Pelt,Toison Herbue,Pflanzenpelz,Peloderba,Manto Frondoso,풀모피,Pulmopi,草之毛皮,Cǎo-zhī Máopí / Chóu-jī Mòuhpèih
180,Symbiosis,The Pokémon passes its item to an ally that has used up an item.,6,0,0,4,きょうせい,Kyōsei,Symbiose,Nutznießer,Simbiosi,Simbiosis,공생,Gongsaeng,共生,Gòngshēng / Guhngsāng
181,Tough Claws,Powers up moves that make direct contact.,6,3,2,0,かたいツメ,Katai Tsume,Griffe Dure,Krallenwucht,Unghiedure,Garra Dura,단단한 발톱,Dandanhan Baltop,硬爪,Yìngzhuǎ / Ngaahngjáau
182,Pixilate,Normal-type moves become Fairy-type moves. The power of those moves is boosted a little.,6,2,0,1,フェアリースキン,Fairy Skin,Peau Féérique,Feenschicht,Pellefolletto,Piel Feérica,페어리스킨,Fairy Skin,妖精皮膚 / 妖精皮肤,Yāojing Pífū / Yīujīng Pèihfū
183,Gooey,Contact with the Pokémon lowers the attacker's Speed stat.,6,0,0,3,ぬめぬめ,Numenume,Poisseux,Viskosität,Viscosità,Baba,미끈미끈,Mikkeunmikkeun,黏滑,Niánhuá / Nìhmwaaht
184,Aerilate,Normal-type moves become Flying-type moves. The power of those moves is boosted a little.,6,2,0,0,スカイスキン,Sky Skin,Peau Céleste,Zenithaut,Pellecielo,Piel Celeste,스카이스킨,Sky Skin,飛行皮膚 / 飞行皮肤,Fēixíng Pífū / Fēihàhng Pèihfū
185,Parental Bond,Parent and child each attacks.,6,1,0,0,おやこあい,Oyako Ai,Amour Filial,Familienbande,Amorefiliale,Amor Filial,부자유친,Bujayuchin,親子愛 / 亲子爱,Qīnzǐ Ài / Chānjí Oi
186,Dark Aura,Powers up each Pokémon's Dark-type moves.,6,1,0,0,ダークオーラ,Dark Aura,Aura Ténébreuse,Dunkelaura,Auratetra,Aura Oscura,다크오라,Dark Aura,暗黑氣場 / 暗黑气场,Ànhēi Qìchǎng / Amhāk Heichèuhng
187,Fairy Aura,Powers up each Pokémon's Fairy-type moves.,6,1,0,0,フェアリーオーラ,Fairy Aura,Aura Féérique,Feenaura,Aurafolletto,Aura Feérica,페어리오라,Fairy Aura,妖精氣場 / 妖精气场,Yāojing Qìchǎng / Yīujīng Heichèuhng
188,Aura Break,"The effects of ""Aura"" Abilities are reversed to lower the power of affected moves.",6,0,1,0,オーラブレイク,Aura Break,Aura Inversée,Aura-Umkehr,Frangiaura,Rompeaura,오라브레이크,Aura Break,氣場破壞 / 气场破坏,Qìchǎng Pòhuài / Heichèuhng Powaaih
189,Primordial Sea,The Pokémon changes the weather to nullify Fire-type attacks.,6,1,0,0,はじまりのうみ,Hajimari no Umi,Mer Primaire,Urmeer,Mare Primordiale,Mar del Albor,시작의바다,Sijak-ui Bada,始源之海,Shǐyuán-zhī Hǎi / Chíyùhn-jī Hói
190,Desolate Land,The Pokémon changes the weather to nullify Water-type attacks.,6,1,0,0,おわりのだいち,Owari no Daichi,Terre Finale,Endland,Terra Estrema,Tierra del Ocaso,끝의대지,Kkeut-ui Daeji,終結之地 / 终结之地,Zhōngjié-zhī Dì / Jūnggit-jī Deih
191,Delta Stream,The Pokémon changes the weather to eliminate all of the Flying type's weaknesses.,6,1,0,0,デルタストリーム,Delta Stream,Souffle Delta,Delta-Wind,Flusso Delta,Ráfaga Delta,델타스트림,Delta Stream,德爾塔氣流 / 德尔塔气流,Dé'ěrtǎ Qìliú / Dākyíhtaap Heilàuh
192,Stamina,Boosts the Defense stat when hit by an attack.,7,0,2,0,じきゅうりょく,Jikyūryoku,Endurance,Zähigkeit,Sopportazione,Firmeza,지구력,Jiguryeok,持久力,Chíjiǔlì / Chìhgáulihk
193,Wimp Out,The Pokémon cowardly switches out when its HP becomes half or less.,7,1,0,0,にげごし,Nigegoshi,Escampette,Reißaus,Fuggifuggi,Huida,도망태세,Domang Taese,躍躍欲逃 / 跃跃欲逃,Yuèyuèyùtáo / Yeuhkyeuhkyuhktòuh
194,Emergency Exit,"The Pokémon, sensing danger, switches out when its HP becomes half or less.",7,1,0,0,ききかいひ,Kiki Kaihi,Repli Tactique,Rückzug,Passoindietro,Retirada,위기회피,Wigi Hoepi,危險迴避 / 危险回避,Wéixiǎn Huíbì / Ngàihhím Wùihbeih
195,Water Compaction,Boosts the Pokémon's Defense stat sharply when hit by a Water-type move.,7,2,0,0,みずがため,Mizu Gatame,Sable Humide,Verklumpen,Idrorinforzo,Hidrorrefuerzo,꾸덕꾸덕굳기,Kkudeok-kkudeok Gutgi,遇水凝固,Yù Shuǐ Nínggù / Yuh Séui Yìhnggu
196,Merciless,The Pokémon's attacks become critical hits if the target is poisoned.,7,0,2,0,ひとでなし,Hitodenashi,Cruauté,Quälerei,Spietatezza,Ensañamiento,무도한행동,Mudohan Haengdong,不仁不義 / 不仁不义,Bùrén Bùyì / Bātyàhn Bātyih
197,Shields Down,"When its HP becomes half or less, the Pokémon's shell breaks and it becomes aggressive.",7,1,0,0,リミットシールド,Limit Shield,Bouclier-Carcan,Limitschild,Scudosoglia,Escudo Limitado,리밋실드,Limit Shield,界限盾殼 / 界限盾壳,Jièxiàn Dùnké / Gaaihaahn Téuhnhok
198,Stakeout,Doubles the damage dealt to the target's replacement if the target switches out.,7,0,2,0,はりこみ,Harikomi,Filature,Beschattung,Sorveglianza,Vigilante,잠복,Chambok,"監視*
蹲守*","Jiānshì / Gāamsih*
Dūnshǒu*"
199,Water Bubble,Lowers the power of Fire-type moves done to the Pokémon and prevents the Pokémon from getting a burn.,7,2,0,0,すいほう,Suihō,Aquabulle,Wasserblase,Bolladacqua,Pompa,수포,Supo,水泡,Shuǐpào / Séuipóuh
200,Steelworker,Powers up Steel-type moves.,7,1,0,0,はがねつかい,Hagane Tsukai,Expert Acier,Stahlprofi,Tempracciaio,Acero Templado,강철술사,Gangcheolsulsa,鋼能力者 / 钢能力者,Gāng Nénglì Zhě / Gōng Nàhnglihk Jé
201,Berserk,Boosts the Pokémon's Sp. Atk stat when it takes a hit that causes its HP to become half or less.,7,0,1,0,ぎゃくじょう,Gyakujō,Dracolère,Wutausbruch,Furore,Cólera,발끈,Balkkeun,怒火沖天 / 怒火冲天,Nùhuǒ Chōngtiān / Nouhfó Chūngtīn
202,Slush Rush,Boosts the Pokémon's Speed stat in a hailstorm.,7,0,2,2,ゆきかき,Yuki Kaki,Chasse-Neige,Schneescharrer,Spalaneve,Quitanieves,눈치우기,Nun Chiugi,撥雪 / 拨雪,Bōxuě / Buhtsyut
203,Long Reach,The Pokémon uses its moves without making contact with the target.,7,0,0,3,えんかく,Enkaku,Longue Portée,Langstrecke,Distacco,Remoto,원격,Wongyeok,遠隔 / 远隔,Yuǎngé / Yúhngaak
204,Liquid Voice,All sound-based moves become Water-type moves.,7,0,0,3,うるおいボイス,Uruoi Voice,Hydrata-Son,Plätscherstimme,Idrovoce,Voz Fluida,촉촉보이스,Chokchok Voice,濕潤之聲 / 湿润之声,Shīrùn-zhī Shēng / Sāpyeuhn-jī Sīng
205,Triage,Gives priority to a healing move.,7,0,1,0,ヒーリングシフト,Healing Shift,Prioguérison,Heilwandel,Primacura,Primer Auxilio,힐링시프트,Healing Shift,先行治療 / 先行治疗,Xiānxíng Zhìliáo / Sīnhàahng Jihlìuh
206,Galvanize,Normal-type moves become Electric-type moves. The power of those moves is boosted a little.,7,0,0,3,エレキスキン,Electric Skin,Peau Électrique,Elektrohaut,Pellelettro,Piel Eléctrica,일렉트릭스킨,Electric Skin,電氣皮膚 / 电气皮肤,Diànqì Pífū / Dihnhei Pèihfū
207,Surge Surfer,Doubles the Pokémon's Speed stat on Electric Terrain.,7,1,0,0,サーフテール,Surf Tail,Surf Caudal,Surf-Schweif,Codasurf,Cola Surf,서핑테일,Surfing Tail,衝浪之尾 / 冲浪之尾,Chōnglàng-zhī Wěi / Chūnglohng-jī Méih
208,Schooling,"When it has a lot of HP, the Pokémon forms a powerful school. It stops schooling when its HP is low.",7,1,0,0,ぎょぐん,Gyogun,Banc,Fischschwarm,Banco,Banco,어군,Eogun,魚群 / 鱼群,Yúqún / Yùhkwàhn
209,Disguise,"Once per battle, the shroud that covers the Pokémon can protect it from an attack.",7,1,0,0,ばけのかわ,Bake no Kawa,Fantômasque,Kostümspuk,Fantasmanto,Disfraz,탈,Tal,畫皮 / 画皮,Huàpí / Wahpèih
210,Battle Bond,"Defeating an opposing Pokémon strengthens the Pokémon's bond with its Trainer, and it becomes Ash-Greninja. Water Shuriken gets more powerful.",7,1,0,0,きずなへんげ,Kizuna Henge,Synergie,Freundschaftsakt,Morfosintonia,Fuerte Afecto,유대변화,Yudae Byeonhwa,牽絆變身 / 牵绊变身,Qiānbàn Biànshēn / Hīnbuhn Binsān
211,Power Construct,Other Cells gather to aid when its HP becomes half or less. Then the Pokémon changes its form to Complete Forme.,7,0,1,0,スワームチェンジ,Swarm Change,Rassemblement,Scharwandel,Sciamefusione,Agrupamiento,스웜체인지,Swarm Change,群聚變形 / 群聚变形,Qúnjù Biànxíng / Kwàhnjeuih Binyìhng
212,Corrosion,The Pokémon can poison the target even if it's a Steel or Poison type.,7,2,0,0,ふしょく,Fushoku,Corrosion,Korrosion,Corrosione,Corrosión,부식,Busig,腐蝕 / 腐蚀,Fǔshí / Fuhsihk
213,Comatose,It's always drowsing and will never wake up. It can attack without waking up.,7,1,0,0,ぜったいねむり,Zettai Nemuri,Hypersommeil,Dauerschlaf,Sonno Assoluto,Letargo Perenne,절대안깸,Jeoldae Ankkaem,絕對睡眠 / 绝对睡眠,Juéduì Shuìmián / Jyuhtdeui Seuihmìhn
214,Queenly Majesty,"Its majesty pressures the opposing Pokémon, making it unable to attack using priority moves.",7,0,1,0,じょおうのいげん,Joō no Igen,Prestance Royale,Majestät,Regalità,Regia Presencia,여왕의위엄,Yeowang-ui Wieom,女王的威嚴 / 女王的威严,Nǚwáng-de Wēiyán / Néuihwòhng-dīk Wāiyìhm
215,Innards Out,Damages the attacker landing the finishing hit by the amount equal to its last HP.,7,1,0,0,とびだすなかみ,Tobidasu Nakami,Expuls'Organes,Magenkrempler,Espellinterno,Revés,내용물분출,Naeyongmul Bunchul,飛出的內在物 / 飞出的内在物,Fēichū-de Nèizài Wù / Fēichēut-dīk Noihjoih Maht
216,Dancer,"When another Pokémon uses a dance move, it can use a dance move following it regardless of its Speed.",7,1,0,0,おどりこ,Odoriko,Danseuse,Tänzer,Sincrodanza,Pareja de Baile,무희,Muhui,舞者,Wǔzhě / Móuhjé
217,Battery,Powers up ally Pokémon's special moves.,7,1,0,0,バッテリー,Battery,Batterie,Batterie,Batteria,Batería,배터리,Battery,蓄電池 / 蓄电池,Xùdiànchí / Chūkdihnchìh
218,Fluffy,"Halves the damage taken from moves that make direct contact, but doubles that of Fire-type moves.",7,0,2,0,もふもふ,Mofumofu,Boule de Poils,Flauschigkeit,Morbidone,Peluche,복슬복슬,Bokseulbokseul,毛茸茸,Máoróngrōng / Mòuhyùhngyùhng
219,Dazzling,"Surprises the opposing Pokémon, making it unable to attack using priority moves.",7,0,1,0,ビビッドボディ,Vivid Body,Corps Coloré,Buntkörper,Corposgargiante,Cuerpo Vívido,비비드바디,Vivid Body,鮮艷之軀 / 鲜艳之躯,Xiānyàn-zhī Qū / Sīnyihm-jī Kēui
220,Soul-Heart,Boosts its Sp. Atk stat every time a Pokémon faints.,7,1,0,0,ソウルハート,Soul-Heart,Animacœur,Seelenherz,Cuoreanima,Coránima,소울하트,Soul-Heart,魂心,Húnxīn / Wàhnsām
221,Tangling Hair,Contact with the Pokémon lowers the attacker's Speed stat.,7,0,2,0,カーリーヘアー,Curly Hair,Mèche Rebelle,Lockenkopf,Boccolidoro,Rizos Rebeldes,컬리헤어,Curly Hair,捲髮 / 卷发,Juǎnfà / Gyúnfaat
222,Receiver,The Pokémon copies the Ability of a defeated ally.,7,1,0,0,レシーバー,Receiver,Receveur,Receiver,Ricezione,Receptor,리시버,Receiver,接球手,Jiēqiúshǒu / Jipkàuhsáu
223,Power of Alchemy,The Pokémon copies the Ability of a defeated ally.,7,0,0,2,かがくのちから,Kagaku no Chikara,Osmose,Chemiekraft,Forza Chimica,Reacción Química,과학의힘,Gwahak-ui Him,化學之力 / 化学之力,Huàxué-zhī Lì / Fahohk-jī Lihk
224,Beast Boost,The Pokémon boosts its most proficient stat each time it knocks out a Pokémon.,7,11,0,0,ビーストブースト,Beast Boost,Boost Chimère,Bestien-Boost,Ultraboost,Ultraimpulso,비스트부스트,Beast Boost,異獸提升 / 异兽提升,Yìshòu Tíshēng / Yihsau Tàihsīng
225,RKS System,Changes the Pokémon's type to match the memory disc it holds.,7,1,0,0,ＡＲシステム,AR System,Système Alpha,Alpha-System,Sistema Primevo,Sistema Alfa,AR시스템,AR System,ＡＲ系統 / ＡＲ系统,AR Xìtǒng / AR Haihtúng
226,Electric Surge,Turns the ground into Electric Terrain when the Pokémon enters a battle.,7,1,0,0,エレキメイカー,Electric Maker,Créa-Élec,Elektro-Erzeuger,Elettrogenesi,Electrogénesis,일렉트릭메이커,Electric Maker,電氣製造者 / 电气制造者,Diànqì Zhìzàozhě / Dihnhei Jaijouhjé
227,Psychic Surge,Turns the ground into Psychic Terrain when the Pokémon enters a battle.,7,1,0,0,サイコメイカー,Psycho Maker,Créa-Psy,Psycho-Erzeuger,Psicogenesi,Psicogénesis,사이코메이커,Psycho Maker,精神製造者 / 精神制造者,Jīngshén Zhìzàozhě / Jīngsàhn Jaijouhjé
228,Misty Surge,Turns the ground into Misty Terrain when the Pokémon enters a battle.,7,1,0,0,ミストメイカー,Mist Maker,Créa-Brume,Nebel-Erzeuger,Nebbiogenesi,Nebulogénesis,미스트메이커,Mist Maker,薄霧製造者 / 薄雾制造者,Bówù Zhìzàozhě / Bohkmouh Jaijouhjé
229,Grassy Surge,Turns the ground into Grassy Terrain when the Pokémon enters a battle.,7,1,0,0,グラスメイカー,Grass Maker,Créa-Herbe,Gras-Erzeuger,Erbogenesi,Herbogénesis,그래스메이커,Grass Maker,青草製造者 / 青草制造者,Qīngcǎo Zhìzàozhě / Chēngchóu Jaijouhjé
230,Full Metal Body,Prevents other Pokémon's moves or Abilities from lowering the Pokémon's stats.,7,1,0,0,メタルプロテクト,Metal Protect,Métallo-Garde,Metallprotektor,Metalprotezione,Guardia Metálica,메탈프로텍트,Metal Protect,金屬防護 / 金属防护,Jīnshǔ Fánghù / Gāmsuhk Fòhngwuh
231,Shadow Shield,Reduces the amount of damage the Pokémon takes while its HP is full.,7,1,0,0,ファントムガード,Phantom Guard,Spectro-Bouclier,Phantomschutz,Spettroguardia,Guardia Espectro,스펙터가드,Specter Guard,幻影防守,Huànyǐng Fángshǒu / Waahnyíng Fòhngsáu
232,Prism Armor,Reduces the power of supereffective attacks taken.,7,1,0,0,プリズムアーマー,Prism Armor,Prisme-Armure,Prismarüstung,Scudoprisma,Armadura Prisma,프리즘아머,Prism Armor,稜鏡裝甲 / 棱镜装甲,Léngjìng Zhuāngjiǎ / Lìhnggeng Jōnggaap
233,Neuroforce,Powers up moves that are super effective.,7,1,0,0,ブレインフォース,Brain Force,Cérébro-Force,Zerebralmacht,Cerebroforza,Fuerza Cerebral,브레인포스,Brain Force,腦核之力 / 脑核之力,Nǎohé-zhī Lì / Nóuhhaht-jī Lihk
