Name,Dex,Page,Habitat,LDex,LDex_Suffix,Gen
Granbull,210,1,Urban Pokémon,126,,2
Scatterbug,664,,,20,Ce,6
Horsea,116,11,Sea Pokémon,116,,1
Banette,354,3,Urban Pokémon,147,,3
Mesprit,481,,,147,,4
Toucannon,733,,,12,,7
Doduo,84,5,Grassland Pokémon,84,,1
Leavanny,542,,,48,,5
Salazzle,758,,,162,,7
Shelgon,372,9,Rough-terrain Pokémon,188,,3
Manaphy,490,,,151,,4
Pancham,674,,,91,Ce,6
Dialga,483,,,149,,4
Heatmor,631,,,137,,5
Exeggcute,102,19,Forest Pokémon,102,,1
Tyrogue,236,7,Urban Pokémon,145,,2
Goodra,706,,,21,Mo,6
Espeon,196,12,Urban Pokémon,188,,2
Electrode,101,9,Urban Pokémon,101,,1
Flareon,136,11,Urban Pokémon,136,,1
Lampent,608,,,114,,5
Sawk,539,,,45,,5
Slaking,289,16,Forest Pokémon,38,,3
Dewpider,751,,,141,,7
Lairon,305,11,Mountain Pokémon,71,,3
Chimecho,358,22,Grassland Pokémon,151,,3
Terrakion,639,,,145,,5
Typhlosion,157,25,Grassland Pokémon,6,,2
Fletchinder,662,,,15,Ce,6
Drampa,780,,,244,,7
Jolteon,135,11,Urban Pokémon,135,,1
Arcanine,59,21,Grassland Pokémon,59,,1
Swanna,581,,,87,,5
Azurill,298,8,Water's-edge Pokémon,54,,3
Poochyena,261,2,Grassland Pokémon,10,,3
Lurantis,754,,,144,,7
Ferrothorn,598,,,104,,5
Pawniard,624,,,130,,5
Dartrix,723,,,2,,7
Budew,406,,,25,,4
Passimian,766,,,177,,7
Suicune,245,27,Grassland Pokémon,245,,2
Dewott,502,,,8,,5
Masquerain,284,5,Water's-edge Pokémon,33,,3
Litwick,607,,,113,,5
Blastoise,9,13,Water's-edge Pokémon,9,,1
Minun,312,20,Grassland Pokémon,81,,3
Steelix,208,2,Cave Pokémon,63,,2
Aggron,306,11,Mountain Pokémon,72,,3
Haxorus,612,,,118,,5
Barbaracle,689,,,22,Co,6
Golem,76,1,Mountain Pokémon,76,,1
Solrock,338,9,Cave Pokémon,126,,3
Lucario,448,,,116,,4
Dusclops,356,23,Forest Pokémon,149,,3
Simipour,516,,,22,,5
Xatu,178,6,Forest Pokémon,162,,2
Omastar,139,14,Sea Pokémon,139,,1
Kangaskhan,115,15,Grassland Pokémon,115,,1
Mudbray,749,,,132,,7
Uxie,480,,,146,,4
Gothita,574,,,80,,5
Shedinja,292,13,Forest Pokémon,44,,3
Gogoat,673,,,90,Ce,6
Machop,66,3,Mountain Pokémon,66,,1
Togekiss,468,,,175,,4
Volcarona,637,,,143,,5
Claydol,344,8,Rough-terrain Pokémon,132,,3
Weepinbell,70,8,Forest Pokémon,70,,1
Huntail,367,6,Sea Pokémon,177,,3
Ferroseed,597,,,103,,5
Snivy,495,,,1,,5
Pachirisu,417,,,55,,4
Zoroark,571,,,77,,5
Aron,304,11,Mountain Pokémon,70,,3
Blacephalon,806,,,393,,7
Gligar,207,9,Mountain Pokémon,193,,2
Inkay,686,,,10,Co,6
Yamask,562,,,68,,5
Deino,633,,,139,,5
Komala,775,,,222,,7
Mienfoo,619,,,125,,5
Spoink,325,2,Mountain Pokémon,110,,3
Phanpy,231,4,Rough-terrain Pokémon,200,,2
Remoraid,223,4,Sea Pokémon,174,,2
Slowking,199,9,Water's-edge Pokémon,82,,2
Dedenne,702,,,110,Co,6
Alomomola,594,,,100,,5
Carnivine,455,,,131,,4
Crustle,558,,,64,,5
Diggersby,660,,,11,Ce,6
Exploud,295,4,Cave Pokémon,47,,3
Stoutland,508,,,14,,5
Darkrai,491,,,,,4
Tirtouga,564,,,70,,5
Manectric,310,18,Grassland Pokémon,79,,3
Altaria,334,22,Forest Pokémon,122,,3
Snubbull,209,1,Urban Pokémon,125,,2
Ledyba,165,12,Forest Pokémon,30,,2
Metapod,11,1,Forest Pokémon,11,,1
Mismagius,429,,,73,,4
Kricketot,401,,,15,,4
Boldore,525,,,31,,5
Gorebyss,368,6,Sea Pokémon,178,,3
Dodrio,85,5,Grassland Pokémon,85,,1
Celebi,251,26,Forest Pokémon,256,,2
Serperior,497,,,3,,5
Mudsdale,750,,,133,,7
Infernape,392,,,6,,4
Jumpluff,189,7,Grassland Pokémon,69,,2
Qwilfish,211,7,Sea Pokémon,163,,2
Mareanie,747,,,113,,7
Elgyem,605,,,111,,5
Samurott,503,,,9,,5
Pidove,519,,,25,,5
Honedge,679,,,117,Ce,6
Swirlix,684,,,131,Ce,6
Gourgeist,711,,,64,Mo,6
Tangrowth,465,,,182,,4
Victini,494,,,0,,5
Corphish,341,3,Water's-edge Pokémon,129,,3
Cradily,346,15,Sea Pokémon,134,,3
Zebstrika,523,,,29,,5
Rhyhorn,111,2,Rough-terrain Pokémon,111,,1
Lileep,345,15,Sea Pokémon,133,,3
Weedle,13,2,Forest Pokémon,13,,1
Magikarp,129,2,Water's-edge Pokémon,129,,1
Jangmo-o,782,,,271,,7
Persian,53,1,Urban Pokémon,53,,1
Mewtwo,150,7,Rare Pokémon,150,,1
Finneon,456,,,134,,4
Helioptile,694,,,46,Co,6
Klefki,707,,,50,Mo,6
Swoobat,528,,,34,,5
Tropius,357,22,Forest Pokémon,150,,3
Lombre,271,4,Water's-edge Pokémon,20,,3
Milotic,350,10,Water's-edge Pokémon,141,,3
Gumshoos,735,,,14,,7
Vibrava,329,6,Rough-terrain Pokémon,117,,3
Charjabug,737,,,28,,7
Bounsweet,761,,,171,,7
Houndoom,229,4,Rough-terrain Pokémon,215,,2
Dewgong,87,8,Sea Pokémon,87,,1
Steenee,762,,,172,,7
Fletchling,661,,,14,Ce,6
Musharna,518,,,24,,5
Pansage,511,,,17,,5
Dragonair,148,12,Water's-edge Pokémon,148,,1
Primarina,730,,,9,,7
Machoke,67,3,Mountain Pokémon,67,,1
Heliolisk,695,,,47,Co,6
Eelektross,604,,,110,,5
Stantler,234,20,Forest Pokémon,131,,2
Trevenant,709,,,62,Mo,6
Durant,632,,,138,,5
Chikorita,152,24,Grassland Pokémon,1,,2
Tapu Fini,788,,,288,,7
Sigilyph,561,,,67,,5
Bouffalant,626,,,132,,5
Yanmega,469,,,184,,4
Pelipper,279,2,Sea Pokémon,28,,3
Vaporeon,134,11,Urban Pokémon,134,,1
Clefairy,35,4,Mountain Pokémon,35,,1
Chandelure,609,,,115,,5
Cinccino,573,,,79,,5
Marshtomp,259,15,Water's-edge Pokémon,8,,3
Meloetta,648,,,154,,5
Absol,359,14,Mountain Pokémon,152,,3
Magmar,126,10,Mountain Pokémon,126,,1
Weavile,461,,,145,,4
Porygon,137,9,Urban Pokémon,137,,1
Tepig,498,,,4,,5
Venusaur,3,23,Grassland Pokémon,3,,1
Araquanid,752,,,142,,7
Ninjask,291,13,Forest Pokémon,43,,3
Luvdisc,370,7,Sea Pokémon,183,,3
Bronzong,437,,,89,,4
Hitmontop,237,7,Urban Pokémon,148,,2
Crobat,169,1,Cave Pokémon,39,,2
Munna,517,,,23,,5
Sudowoodo,185,19,Forest Pokémon,107,,2
Comfey,764,,,174,,7
Gliscor,472,,,154,,4
Pyukumuku,771,,,200,,7
Fomantis,753,,,143,,7
Skiploom,188,7,Grassland Pokémon,68,,2
Joltik,595,,,101,,5
Grimer,88,2,Urban Pokémon,88,,1
Pinsir,127,21,Forest Pokémon,127,,1
Sandile,551,,,57,,5
Feraligatr,160,14,Water's-edge Pokémon,9,,2
Carvanha,318,10,Sea Pokémon,97,,3
Ampharos,181,11,Grassland Pokémon,55,,2
Carbink,703,,,124,Co,6
Flabébé,669,,,68,Ce,6
Grovyle,253,25,Forest Pokémon,2,,3
Froslass,478,,,208,,4
Drapion,452,,,128,,4
Salandit,757,,,161,,7
Fraxure,611,,,117,,5
Sableye,302,6,Cave Pokémon,68,,3
Wurmple,265,3,Forest Pokémon,14,,3
Politoed,186,7,Water's-edge Pokémon,75,,2
Quagsire,195,6,Water's-edge Pokémon,57,,2
Seismitoad,537,,,43,,5
Stufful,759,,,169,,7
Bronzor,436,,,88,,4
Nuzleaf,274,10,Forest Pokémon,23,,3
Oddish,43,8,Grassland Pokémon,43,,1
Chinchou,170,4,Sea Pokémon,176,,2
Shieldon,410,,,38,,4
Throh,538,,,44,,5
Buizel,418,,,56,,4
Treecko,252,25,Forest Pokémon,1,,3
Meganium,154,24,Grassland Pokémon,3,,2
Cleffa,173,4,Mountain Pokémon,40,,2
Silcoon,266,3,Forest Pokémon,15,,3
Sandshrew,27,2,Rough-terrain Pokémon,27,,1
Chatot,441,,,102,,4
Paras,46,9,Forest Pokémon,46,,1
Zweilous,634,,,140,,5
Zangoose,335,19,Grassland Pokémon,123,,3
Cyndaquil,155,25,Grassland Pokémon,4,,2
Breloom,286,9,Forest Pokémon,35,,3
Decidueye,724,,,3,,7
Mothim,414,,,47,,4
Ho-Oh,250,4,Rare Pokémon,253,,2
Deoxys,386,6,Rare Pokémon,202,,3
Garchomp,445,,,111,,4
Aerodactyl,142,15,Mountain Pokémon,142,,1
Mimikyu,778,,,242,,7
Meditite,307,7,Mountain Pokémon,76,,3
Rattata,19,1,Grassland Pokémon,19,,1
Ducklett,580,,,86,,5
Stunfisk,618,,,124,,5
Jirachi,385,17,Mountain Pokémon,201,,3
Aipom,190,20,Forest Pokémon,123,,2
Koffing,109,2,Urban Pokémon,109,,1
Totodile,158,14,Water's-edge Pokémon,7,,2
Bruxish,779,,,243,,7
Kommo-o,784,,,273,,7
Binacle,688,,,21,Co,6
Graveler,75,1,Mountain Pokémon,75,,1
Zekrom,644,,,150,,5
Starly,396,,,10,,4
Marowak,105,5,Mountain Pokémon,105,,1
Oranguru,765,,,176,,7
Vigoroth,288,16,Forest Pokémon,37,,3
Cottonee,546,,,52,,5
Aurorus,699,,,67,Co,6
Popplio,728,,,7,,7
Naganadel,804,,,262,,7
Natu,177,6,Forest Pokémon,161,,2
Krokorok,552,,,58,,5
Florges,671,,,70,Ce,6
Golurk,623,,,129,,5
Registeel,379,10,Cave Pokémon,195,,3
Shellder,90,5,Sea Pokémon,90,,1
Hitmonlee,106,7,Urban Pokémon,106,,1
Noivern,715,,,114,Mo,6
Medicham,308,7,Mountain Pokémon,77,,3
Clawitzer,693,,,33,Co,6
Lunatone,337,9,Cave Pokémon,125,,3
Reshiram,643,,,149,,5
Sunflora,192,6,Grassland Pokémon,104,,2
Dratini,147,12,Water's-edge Pokémon,147,,1
Loudred,294,4,Cave Pokémon,46,,3
Delcatty,301,17,Forest Pokémon,62,,3
Bellossom,182,8,Grassland Pokémon,86,,2
Cobalion,638,,,144,,5
Piplup,393,,,7,,4
Ralts,280,5,Urban Pokémon,29,,3
Gothorita,575,,,81,,5
Jigglypuff,39,10,Grassland Pokémon,39,,1
Geodude,74,1,Mountain Pokémon,74,,1
Tsareena,763,,,173,,7
Zorua,570,,,76,,5
Charmeleon,5,16,Mountain Pokémon,5,,1
Kingdra,230,11,Sea Pokémon,192,,2
Poliwrath,62,7,Water's-edge Pokémon,62,,1
Nidoran♀,29,3,Grassland Pokémon,29,,1
Raichu,26,7,Forest Pokémon,26,,1
Surskit,283,5,Water's-edge Pokémon,32,,3
Hoothoot,163,6,Forest Pokémon,15,,2
Pangoro,675,,,92,Ce,6
Abra,63,4,Urban Pokémon,63,,1
Ekans,23,9,Grassland Pokémon,23,,1
Pichu,172,7,Forest Pokémon,21,,2
Gurdurr,533,,,39,,5
Woobat,527,,,33,,5
Mantine,226,7,Sea Pokémon,202,,2
Kirlia,281,5,Urban Pokémon,30,,3
Charmander,4,16,Mountain Pokémon,4,,1
Larvitar,246,12,Mountain Pokémon,249,,2
Emboar,500,,,6,,5
Venomoth,49,11,Forest Pokémon,49,,1
Darumaka,554,,,60,,5
Oshawott,501,,,7,,5
Tauros,128,16,Grassland Pokémon,128,,1
Smoochum,238,6,Urban Pokémon,154,,2
Necrozma,800,,,300,,7
Regice,378,10,Cave Pokémon,194,,3
Venonat,48,11,Forest Pokémon,48,,1
Deerling,585,,,91,,5
Torterra,389,,,3,,4
Ursaring,217,8,Mountain Pokémon,199,,2
Lopunny,428,,,68,,4
Hawlucha,701,,,89,Co,6
Watchog,505,,,11,,5
Bibarel,400,,,14,,4
Galvantula,596,,,102,,5
Kyogre,382,16,Sea Pokémon,198,,3
Exeggutor,103,19,Forest Pokémon,103,,1
Chingling,433,,,82,,4
Swadloon,541,,,47,,5
Hydreigon,635,,,141,,5
Lotad,270,4,Water's-edge Pokémon,19,,3
Zygarde,718,,,150,Mo,6
Cubone,104,5,Mountain Pokémon,104,,1
Rayquaza,384,5,Rare Pokémon,200,,3
Braviary,628,,,134,,5
Crabominable,740,,,60,,7
Slowpoke,79,9,Water's-edge Pokémon,79,,1
Sawsbuck,586,,,92,,5
Houndour,228,4,Rough-terrain Pokémon,214,,2
Salamence,373,9,Rough-terrain Pokémon,189,,3
Phione,489,,,,,4
Whirlipede,544,,,50,,5
Sceptile,254,25,Forest Pokémon,3,,3
Druddigon,621,,,127,,5
Wailmer,320,10,Sea Pokémon,99,,3
Honchkrow,430,,,75,,4
Whimsicott,547,,,53,,5
Gloom,44,8,Grassland Pokémon,44,,1
Vivillon,666,,,22,Ce,6
Magnezone,462,,,180,,4
Magmortar,467,,,202,,4
Sunkern,191,6,Grassland Pokémon,103,,2
Primeape,57,2,Mountain Pokémon,57,,1
Seadra,117,11,Sea Pokémon,117,,1
Swampert,260,15,Water's-edge Pokémon,9,,3
Lilligant,549,,,55,,5
Whiscash,340,3,Water's-edge Pokémon,128,,3
Crawdaunt,342,3,Water's-edge Pokémon,130,,3
Cherrim,421,,,59,,4
Xerneas,716,,,148,Mo,6
Roggenrola,524,,,30,,5
Magby,240,10,Mountain Pokémon,152,,2
Snover,459,,,142,,4
Froakie,656,,,7,Ce,6
Spritzee,682,,,129,Ce,6
Hippopotas,449,,,122,,4
Maractus,556,,,62,,5
Porygon2,233,9,Urban Pokémon,221,,2
Klink,599,,,105,,5
Castform,351,22,Grassland Pokémon,142,,3
Gallade,475,,,160,,4
Bergmite,712,,,79,Mo,6
Quilladin,651,,,2,Ce,6
Roserade,407,,,27,,4
Fearow,22,1,Rough-terrain Pokémon,22,,1
Slugma,218,6,Mountain Pokémon,216,,2
Whismur,293,4,Cave Pokémon,45,,3
Empoleon,395,,,9,,4
Shroomish,285,9,Forest Pokémon,34,,3
Eevee,133,11,Urban Pokémon,133,,1
Tangela,114,6,Grassland Pokémon,114,,1
Spewpa,665,,,21,Ce,6
Hypno,97,14,Grassland Pokémon,97,,1
Kyurem,646,,,152,,5
Swalot,317,14,Grassland Pokémon,96,,3
Slowbro,80,9,Water's-edge Pokémon,80,,1
Snorlax,143,13,Mountain Pokémon,143,,1
Wooper,194,6,Water's-edge Pokémon,56,,2
Noctowl,164,6,Forest Pokémon,16,,2
Torchic,255,26,Grassland Pokémon,4,,3
Snorunt,361,3,Cave Pokémon,171,,3
Magearna,801,,,301,,7
Audino,531,,,37,,5
Lillipup,506,,,12,,5
Regirock,377,10,Cave Pokémon,193,,3
Patrat,504,,,10,,5
Pidgeot,18,5,Forest Pokémon,18,,1
Clefable,36,4,Mountain Pokémon,36,,1
Guzzlord,799,,,299,,7
Gastly,92,7,Cave Pokémon,92,,1
Minccino,572,,,78,,5
Metang,375,10,Rough-terrain Pokémon,191,,3
Kricketune,402,,,16,,4
Mantyke,458,,,140,,4
Glameow,431,,,76,,4
Ditto,132,10,Urban Pokémon,132,,1
Barboach,339,3,Water's-edge Pokémon,127,,3
Trubbish,568,,,74,,5
Walrein,365,9,Sea Pokémon,175,,3
Murkrow,198,18,Forest Pokémon,213,,2
Minior,774,,,213,,7
Genesect,649,,,155,,5
Seel,86,8,Sea Pokémon,86,,1
Klinklang,601,,,107,,5
Raticate,20,1,Grassland Pokémon,20,,1
Cacturne,332,5,Rough-terrain Pokémon,120,,3
Bewear,760,,,170,,7
Chesnaught,652,,,3,Ce,6
Espurr,677,,,114,Ce,6
Bisharp,625,,,131,,5
Swablu,333,22,Forest Pokémon,121,,3
Porygon-Z,474,,,194,,4
Furret,162,1,Grassland Pokémon,20,,2
Mime Jr.,439,,,94,,4
Magneton,82,3,Rough-terrain Pokémon,82,,1
Haunter,93,7,Cave Pokémon,93,,1
Kartana,798,,,298,,7
Pupitar,247,12,Mountain Pokémon,250,,2
Clamperl,366,6,Sea Pokémon,176,,3
Oricorio,741,,,82,,7
Mr. Mime,122,6,Urban Pokémon,122,,1
Bidoof,399,,,13,,4
Beedrill,15,2,Forest Pokémon,15,,1
Feebas,349,10,Water's-edge Pokémon,140,,3
Larvesta,636,,,142,,5
Wynaut,360,8,Cave Pokémon,160,,3
Drifloon,425,,,65,,4
Taillow,276,5,Grassland Pokémon,25,,3
Skorupi,451,,,127,,4
Rhyperior,464,,,188,,4
Zigzagoon,263,2,Grassland Pokémon,12,,3
Sentret,161,1,Grassland Pokémon,19,,2
Greninja,658,,,9,Ce,6
Psyduck,54,6,Water's-edge Pokémon,54,,1
Buzzwole,794,,,294,,7
Tapu Koko,785,,,285,,7
Cresselia,488,,,,,4
Floatzel,419,,,57,,4
Kecleon,352,20,Forest Pokémon,145,,3
Bayleef,153,24,Grassland Pokémon,2,,2
Nidoqueen,31,3,Grassland Pokémon,31,,1
Voltorb,100,9,Urban Pokémon,100,,1
Ariados,168,12,Forest Pokémon,33,,2
Doublade,680,,,118,Ce,6
Foongus,590,,,96,,5
Victreebel,71,8,Forest Pokémon,71,,1
Delphox,655,,,6,Ce,6
Drowzee,96,14,Grassland Pokémon,96,,1
Celesteela,797,,,297,,7
Kingler,99,2,Water's-edge Pokémon,99,,1
Scolipede,545,,,51,,5
Baltoy,343,8,Rough-terrain Pokémon,131,,3
Sylveon,700,,,85,Co,6
Diglett,50,2,Cave Pokémon,50,,1
Octillery,224,4,Sea Pokémon,175,,2
Amaura,698,,,66,Co,6
Swellow,277,5,Grassland Pokémon,26,,3
Sneasel,215,18,Forest Pokémon,218,,2
Lanturn,171,4,Sea Pokémon,177,,2
Zubat,41,1,Cave Pokémon,41,,1
Garbodor,569,,,75,,5
Panpour,515,,,21,,5
Misdreavus,200,5,Cave Pokémon,219,,2
Articuno,144,2,Rare Pokémon,144,,1
Rapidash,78,17,Grassland Pokémon,78,,1
Morelull,755,,,145,,7
Swinub,220,3,Cave Pokémon,195,,2
Gardevoir,282,5,Urban Pokémon,31,,3
Sandygast,769,,,186,,7
Krabby,98,2,Water's-edge Pokémon,98,,1
Electrike,309,18,Grassland Pokémon,78,,3
Metagross,376,10,Rough-terrain Pokémon,192,,3
Tentacruel,73,1,Sea Pokémon,73,,1
Spinda,327,9,Mountain Pokémon,114,,3
Marshadow,802,,,302,,7
Flygon,330,6,Rough-terrain Pokémon,118,,3
Sliggoo,705,,,20,Mo,6
Palossand,770,,,187,,7
Dugtrio,51,2,Cave Pokémon,51,,1
Pheromosa,795,,,295,,7
Forretress,205,15,Forest Pokémon,94,,2
Grubbin,736,,,27,,7
Pignite,499,,,5,,5
Dragalge,691,,,31,Co,6
Munchlax,446,,,112,,4
Simisage,512,,,18,,5
Lickitung,108,12,Grassland Pokémon,108,,1
Gothitelle,576,,,82,,5
Buneary,427,,,67,,4
Vullaby,629,,,135,,5
Goomy,704,,,19,Mo,6
Wailord,321,10,Sea Pokémon,100,,3
Bonsly,438,,,92,,4
Gabite,444,,,110,,4
Purugly,432,,,77,,4
Combusken,256,26,Grassland Pokémon,5,,3
Sewaddle,540,,,46,,5
Mienshao,620,,,126,,5
Quilava,156,25,Grassland Pokémon,5,,2
Yanma,193,11,Forest Pokémon,101,,2
Happiny,440,,,96,,4
Shinx,403,,,17,,4
Groudon,383,11,Rough-terrain Pokémon,199,,3
Heatran,485,,,,,4
Tyrantrum,697,,,65,Co,6
Cacnea,331,5,Rough-terrain Pokémon,119,,3
Venipede,543,,,49,,5
Pumpkaboo,710,,,63,Mo,6
Togedemaru,777,,,225,,7
Golett,622,,,128,,5
Basculin,550,,,56,,5
Rhydon,112,2,Rough-terrain Pokémon,112,,1
Pikachu,25,7,Forest Pokémon,25,,1
Phantump,708,,,61,Mo,6
Roselia,315,6,Grassland Pokémon,94,,3
Starmie,121,3,Sea Pokémon,121,,1
Cascoon,268,4,Forest Pokémon,17,,3
Turtonator,776,,,224,,7
Tyranitar,248,12,Mountain Pokémon,251,,2
Hoppip,187,7,Grassland Pokémon,67,,2
Moltres,146,2,Rare Pokémon,146,,1
Escavalier,589,,,95,,5
Lumineon,457,,,135,,4
Gulpin,316,14,Grassland Pokémon,95,,3
Nidoran♂,32,4,Grassland Pokémon,32,,1
Chespin,650,,,1,Ce,6
Arbok,24,9,Grassland Pokémon,24,,1
Karrablast,588,,,94,,5
Bellsprout,69,8,Forest Pokémon,69,,1
Xurkitree,796,,,296,,7
Drifblim,426,,,66,,4
Alakazam,65,4,Urban Pokémon,65,,1
Volcanion,721,,,153,Ce,6
Keldeo,647,,,153,,5
Togepi,175,24,Forest Pokémon,46,,2
Nosepass,299,5,Cave Pokémon,60,,3
Glalie,362,3,Cave Pokémon,172,,3
Sandslash,28,2,Rough-terrain Pokémon,28,,1
Scyther,123,13,Grassland Pokémon,123,,1
Luxio,404,,,18,,4
Glaceon,471,,,170,,4
Nihilego,793,,,293,,7
Hakamo-o,783,,,272,,7
Volbeat,313,14,Forest Pokémon,86,,3
Skuntank,435,,,85,,4
Noibat,714,,,113,Mo,6
Omanyte,138,14,Sea Pokémon,138,,1
Chimchar,390,,,4,,4
Bagon,371,9,Rough-terrain Pokémon,187,,3
Talonflame,663,,,16,Ce,6
Wobbuffet,202,8,Cave Pokémon,108,,2
Meowth,52,1,Urban Pokémon,52,,1
Gigalith,526,,,32,,5
Liepard,510,,,16,,5
Tyrunt,696,,,64,Co,6
Mankey,56,2,Mountain Pokémon,56,,1
Lunala,792,,,292,,7
Electivire,466,,,199,,4
Delibird,225,8,Mountain Pokémon,194,,2
Abomasnow,460,,,143,,4
Parasect,47,9,Forest Pokémon,47,,1
Golduck,55,6,Water's-edge Pokémon,55,,1
Tapu Lele,786,,,286,,7
Beheeyem,606,,,112,,5
Pansear,513,,,19,,5
Probopass,476,,,156,,4
Duskull,355,23,Forest Pokémon,148,,3
Archen,566,,,72,,5
Kabutops,141,14,Sea Pokémon,141,,1
Staraptor,398,,,12,,4
Onix,95,2,Cave Pokémon,95,,1
Numel,322,6,Mountain Pokémon,101,,3
Dragonite,149,12,Water's-edge Pokémon,149,,1
Regigigas,486,,,,,4
Skrelp,690,,,30,Co,6
Shaymin,492,,,,,4
Nincada,290,13,Forest Pokémon,42,,3
Golisopod,768,,,183,,7
Ludicolo,272,4,Water's-edge Pokémon,21,,3
Accelgor,617,,,123,,5
Scizor,212,13,Grassland Pokémon,112,,2
Scrafty,560,,,66,,5
Wartortle,8,13,Water's-edge Pokémon,8,,1
Spheal,363,9,Sea Pokémon,173,,3
Spiritomb,442,,,108,,4
Turtwig,387,,,1,,4
Gyarados,130,2,Water's-edge Pokémon,130,,1
Wishiwashi,746,,,110,,7
Poipole,803,,,261,,7
Rotom,479,,,152,,4
Machamp,68,3,Mountain Pokémon,68,,1
Shiinotic,756,,,146,,7
Cubchoo,613,,,119,,5
Kakuna,14,2,Forest Pokémon,14,,1
Mareep,179,11,Grassland Pokémon,53,,2
Heracross,214,21,Forest Pokémon,114,,2
Gengar,94,7,Cave Pokémon,94,,1
Diancie,719,,,151,Ce,6
Butterfree,12,1,Forest Pokémon,12,,1
Tranquill,520,,,26,,5
Beautifly,267,3,Forest Pokémon,16,,3
Nidorino,33,4,Grassland Pokémon,33,,1
Monferno,391,,,5,,4
Palkia,484,,,150,,4
Torkoal,324,10,Mountain Pokémon,105,,3
Linoone,264,2,Grassland Pokémon,13,,3
Flaaffy,180,11,Grassland Pokémon,54,,2
Torracat,726,,,5,,7
Klang,600,,,106,,5
Tentacool,72,1,Sea Pokémon,72,,1
Archeops,567,,,73,,5
Jynx,124,6,Urban Pokémon,124,,1
Trapinch,328,6,Rough-terrain Pokémon,116,,3
Dusknoir,477,,,191,,4
Ribombee,743,,,84,,7
Hippowdon,450,,,123,,4
Landorus,645,,,151,,5
Thundurus,642,,,148,,5
Squirtle,7,13,Water's-edge Pokémon,7,,1
Dhelmise,781,,,263,,7
Anorith,347,11,Water's-edge Pokémon,135,,3
Bastiodon,411,,,39,,4
Dunsparce,206,5,Cave Pokémon,52,,2
Yveltal,717,,,149,Mo,6
Makuhita,296,7,Mountain Pokémon,48,,3
Kabuto,140,14,Sea Pokémon,140,,1
Ambipom,424,,,64,,4
Croconaw,159,14,Water's-edge Pokémon,8,,2
Drilbur,529,,,35,,5
Floette,670,,,69,Ce,6
Electabuzz,125,18,Grassland Pokémon,125,,1
Prinplup,394,,,8,,4
Beldum,374,10,Rough-terrain Pokémon,190,,3
Raikou,243,27,Grassland Pokémon,243,,2
Staravia,397,,,11,,4
Dwebble,557,,,63,,5
Gible,443,,,109,,4
Solgaleo,791,,,291,,7
Conkeldurr,534,,,40,,5
Kadabra,64,4,Urban Pokémon,64,,1
Shuppet,353,3,Urban Pokémon,146,,3
Tynamo,602,,,108,,5
Camerupt,323,6,Mountain Pokémon,102,,3
Rampardos,409,,,37,,4
Darmanitan,555,,,61,,5
Nidoking,34,4,Grassland Pokémon,34,,1
Braixen,654,,,5,Ce,6
Clauncher,692,,,32,Co,6
Cosmog,789,,,289,,7
Crabrawler,739,,,59,,7
Charizard,6,16,Mountain Pokémon,6,,1
Blaziken,257,26,Grassland Pokémon,6,,3
Cutiefly,742,,,83,,7
Sharpedo,319,10,Sea Pokémon,98,,3
Cofagrigus,563,,,69,,5
Grumpig,326,2,Mountain Pokémon,111,,3
Aromatisse,683,,,130,Ce,6
Skitty,300,17,Forest Pokémon,61,,3
Growlithe,58,21,Grassland Pokémon,58,,1
Litleo,667,,,57,Ce,6
Stakataka,805,,,392,,7
Slurpuff,685,,,132,Ce,6
Excadrill,530,,,36,,5
Magcargo,219,6,Mountain Pokémon,217,,2
Chansey,113,8,Urban Pokémon,113,,1
Skarmory,227,7,Rough-terrain Pokémon,203,,2
Dustox,269,4,Forest Pokémon,18,,3
Latios,381,16,Water's-edge Pokémon,197,,3
Wigglytuff,40,10,Grassland Pokémon,40,,1
Emolga,587,,,93,,5
Wimpod,767,,,182,,7
Ledian,166,12,Forest Pokémon,31,,2
Fennekin,653,,,4,Ce,6
Miltank,241,16,Grassland Pokémon,151,,2
Avalugg,713,,,80,Mo,6
Servine,496,,,2,,5
Togetic,176,24,Forest Pokémon,47,,2
Purrloin,509,,,15,,5
Farfetch'd,83,12,Grassland Pokémon,83,,1
Rowlet,722,,,1,,7
Tympole,535,,,41,,5
Silvally,773,,,204,,7
Cryogonal,615,,,121,,5
Type: Null,772,,,203,,7
Burmy,412,,,45,,4
Arceus,493,,,,,4
Bunnelby,659,,,10,Ce,6
Mamoswine,473,,,205,,4
Azelf,482,,,148,,4
Krookodile,553,,,59,,5
Skiddo,672,,,89,Ce,6
Petilil,548,,,54,,5
Cherubi,420,,,58,,4
Pyroar,668,,,58,Ce,6
Elekid,239,18,Grassland Pokémon,156,,2
Unown,201,1,Rare Pokémon,61,,2
Blissey,242,8,Urban Pokémon,223,,2
Vanilluxe,584,,,90,,5
Scraggy,559,,,65,,5
Luxray,405,,,19,,4
Stunky,434,,,84,,4
Blitzle,522,,,28,,5
Lickilicky,463,,,162,,4
Mandibuzz,630,,,136,,5
Shellos,422,,,60,,4
Vanillish,583,,,89,,5
Eelektrik,603,,,109,,5
Shiftry,275,10,Forest Pokémon,24,,3
Zapdos,145,2,Rare Pokémon,145,,1
Hariyama,297,7,Mountain Pokémon,49,,3
Yungoos,734,,,13,,7
Pidgeotto,17,5,Forest Pokémon,17,,1
Staryu,120,3,Sea Pokémon,120,,1
Piloswine,221,3,Cave Pokémon,196,,2
Toxicroak,454,,,130,,4
Poliwag,60,7,Water's-edge Pokémon,60,,1
Latias,380,16,Water's-edge Pokémon,196,,3
Golbat,42,1,Cave Pokémon,42,,1
Mudkip,258,15,Water's-edge Pokémon,7,,3
Carracosta,565,,,71,,5
Ninetales,38,17,Grassland Pokémon,38,,1
Lapras,131,13,Sea Pokémon,131,,1
Ponyta,77,17,Grassland Pokémon,77,,1
Spearow,21,1,Rough-terrain Pokémon,21,,1
Trumbeak,732,,,11,,7
Timburr,532,,,38,,5
Duosion,578,,,84,,5
Giratina,487,,,210,,4
Toxapex,748,,,114,,7
Corsola,222,7,Sea Pokémon,173,,2
Hitmonchan,107,7,Urban Pokémon,107,,1
Simisear,514,,,20,,5
Amoonguss,591,,,97,,5
Vespiquen,416,,,54,,4
Vileplume,45,8,Grassland Pokémon,45,,1
Herdier,507,,,13,,5
Grotle,388,,,2,,4
Malamar,687,,,11,Co,6
Spinarak,167,12,Forest Pokémon,32,,2
Vikavolt,738,,,29,,7
Seviper,336,19,Grassland Pokémon,124,,3
Vanillite,582,,,88,,5
Plusle,311,20,Grassland Pokémon,80,,3
Nidorina,30,3,Grassland Pokémon,30,,1
Donphan,232,4,Rough-terrain Pokémon,201,,2
Muk,89,2,Urban Pokémon,89,,1
Azumarill,184,8,Water's-edge Pokémon,133,,2
Smeargle,235,6,Urban Pokémon,159,,2
Shuckle,213,8,Mountain Pokémon,168,,2
Mightyena,262,2,Grassland Pokémon,11,,3
Pikipek,731,,,10,,7
Furfrou,676,,,93,Ce,6
Marill,183,8,Water's-edge Pokémon,132,,2
Relicanth,369,12,Sea Pokémon,179,,3
Virizion,640,,,146,,5
Leafeon,470,,,169,,4
Igglybuff,174,10,Grassland Pokémon,44,,2
Ivysaur,2,23,Grassland Pokémon,2,,1
Palpitoad,536,,,42,,5
Seedot,273,10,Forest Pokémon,22,,3
Seaking,119,1,Water's-edge Pokémon,119,,1
Brionne,729,,,8,,7
Umbreon,197,12,Urban Pokémon,189,,2
Gastrodon,423,,,61,,4
Weezing,110,2,Urban Pokémon,110,,1
Litten,725,,,4,,7
Slakoth,287,16,Forest Pokémon,36,,3
Wormadam,413,,,46,,4
Shelmet,616,,,122,,5
Poliwhirl,61,7,Water's-edge Pokémon,61,,1
Tapu Bulu,787,,,287,,7
Lugia,249,3,Rare Pokémon,252,,2
Sealeo,364,9,Sea Pokémon,174,,3
Frogadier,657,,,8,Ce,6
Croagunk,453,,,129,,4
Reuniclus,579,,,85,,5
Mew,151,8,Rare Pokémon,151,,1
Incineroar,727,,,6,,7
Combee,415,,,53,,4
Solosis,577,,,83,,5
Cloyster,91,5,Sea Pokémon,91,,1
Caterpie,10,1,Forest Pokémon,10,,1
Goldeen,118,1,Water's-edge Pokémon,118,,1
Armaldo,348,11,Water's-edge Pokémon,136,,3
Magnemite,81,3,Rough-terrain Pokémon,81,,1
Girafarig,203,15,Grassland Pokémon,149,,2
Axew,610,,,116,,5
Wingull,278,2,Sea Pokémon,27,,3
Vulpix,37,17,Grassland Pokémon,37,,1
Pidgey,16,5,Forest Pokémon,16,,1
Teddiursa,216,8,Mountain Pokémon,198,,2
Riolu,447,,,115,,4
Zeraora,807,,,403,,7
Illumise,314,14,Forest Pokémon,87,,3
Cosmoem,790,,,290,,7
Tornadus,641,,,147,,5
Beartic,614,,,120,,5
Bulbasaur,1,23,Grassland Pokémon,1,,1
Rufflet,627,,,133,,5
Cranidos,408,,,36,,4
Mawile,303,6,Cave Pokémon,69,,3
Aegislash,681,,,119,Ce,6
Rockruff,744,,,103,,7
Entei,244,27,Grassland Pokémon,244,,2
Pineco,204,15,Forest Pokémon,93,,2
